,country,domain,first_day_above_hundred,Last_15_Days_Case_MAPE,Case_MAPE,Train_Case_MAPE,Last_15_Days_Case_MAE,Case_MAE,Train_Case_MAE,Last_15_Days_Death_MAPE,Death_MAPE,Train_Death_MAPE,Last_15_Days_Death_MAE,Death_MAE,Train_Death_MAE
0,Democratic Republic of Congo,,2020-04-01,202.30354452536815,70.47322584040701,37.50907360938368,7664.107066190639,1780.5285469873859,140.3137321217068,188.54136854465867,67.50961281640213,25.986097255509126,509.9090890823679,149.77021921696365,54.58794200008756
1,Cuba,,2020-03-29,4.350585198558217,3.5859876192544493,3.64195561625728,87.12520458399007,39.66656017895134,23.832079722158394,17.932804772808492,7.835555385018194,4.894516799913977,14.805547135661046,4.448270877037816,0.9629370255250763
2,Anguilla,,2021-05-12,2.169735742841793,0.5830640741775865,0.03394557396470161,2.4230223972115055,0.6497814784963395,0.03700067562152475,,,,0.15609991934251033,0.10052096562294525,0.07411595330505441
3,Australia,South Australia,2020-03-23,0.15402003819307816,2.762819065508971,4.186943719985583,0.6773887185639182,9.71614850166103,14.65644070956273,38.85491845667856,33.001307457056974,28.815297290345587,1.5541967382671424,1.199236044231201,1.0207347625355687
4,Congo,,2020-04-15,23.051138233039755,8.954626730540605,4.50829626957795,205.384903338765,58.548958530401535,11.427960332211738,7.609787527828146,6.999441990462421,7.225551221842069,2.2146614402055205,1.034153813989699,0.6580733154608397
5,Cambodia,,2020-03-29,1.7685684693955044,0.8729218110602899,0.6718682604607009,2.2076009022061838,1.0609065402155582,0.7964879459430748,,,,0.2107559421937823,0.13241559047985235,0.09527342747250875
6,Australia,Tasmania,2020-04-09,4.190739064136446,5.2465772222367,5.8066852178643185,9.554885066231096,10.916517540160964,11.625260223160032,1.9882572335230688,5.290873782754072,7.173194298530781,0.258473440357999,0.4914728925077949,0.6294676577923356
7,Cayman Islands,,2020-05-21,2.5370662971591385,2.0031927113391106,1.9113730213029554,5.15024458323305,3.5201366940500076,3.0430933214703315,34.452241903492556,20.358027121507934,13.775937786892728,0.3445224190349256,0.2035802712150793,0.13775937786892728
8,Curacao,,2020-09-09,12.23943996369586,5.5297350952091415,3.4767015211777377,136.72674945601253,42.58102106881964,11.46733045600377,21.69485728091699,36.07346730431405,30.15957450518978,0.30113243217716706,0.37851999544482984,0.3015957450518978
9,Canada,Nova Scotia,2020-03-28,7.457713152189482,14.02366807548098,17.6858703241782,78.6724928723449,84.89803479144231,89.51388945310347,22.084215239097897,29.636970278328796,38.64894077216961,13.182599565816554,4.930036081004225,2.1746357579327578
10,Canada,Prince Edward Island,2021-01-07,17.456103901648753,5.5295442351542805,1.4565004311693777,24.693753171840207,7.426095916436865,1.5868621367964664,,,,0.1760638212626282,0.1106699947452838,0.07973780406976934
11,Aruba,,2020-05-06,3.213781898959583,0.7055034252614079,0.032602613792774834,3.361160271877035,0.7369050554142731,0.03292863993070259,9.4326213238581,9.554042251724828,9.620031863311448,0.2829786397157431,0.27775167307252574,0.2749109296379401
12,China,,2020-01-19,7.2881737628836385,24.55125075851274,34.0551095947555,5943.91297149929,3561.171142761955,2375.348211630504,1.708524523091141,5.695588361477225,8.096371971326718,55.89806592840193,27.761134120640428,20.29129084546884
13,Australia,,2020-03-12,1.0943279844798612,3.965457825300198,5.0227745531330275,75.92579431141597,139.62675111128493,140.60672838816646,6.594281417706149,10.081363252245522,11.941707706256526,6.769549922414925,3.779548009009326,2.1934201925054664
14,British Virgin Islands,,2021-01-06,23.474474025762042,7.038906901891334,2.5401078845899954,36.13260487900228,10.48813150914422,3.3813865004441808,22.748447213159206,13.442702536443548,9.175603610458873,0.22748447213159206,0.13442702536443552,0.09175603610458873
15,Czechia,,2020-03-13,12.101428540013053,13.829548008637962,15.927288456926467,1025.0188406169104,480.91161458927746,293.2725965350023,7.098617899251902,35.60422765560427,56.81440537758144,20.874238363531013,8.981604778495335,6.008389827526381
16,Bolivia,,2020-04-01,21.617107329885826,8.934211280391937,5.027572521731245,2473.5515542776384,595.8178782682971,25.48607742636001,31.25737753379882,11.488702275697303,5.810152145273819,118.1312727829585,28.347660265810116,1.6579821127023409
17,Andorra,,2020-03-22,1.3880918571502738,3.370889232544704,4.345576365151434,10.582618997485026,15.480141928336275,17.383043005569096,1.9139807551388943,9.901602473280601,14.53585019645729,0.9761301851208363,1.0942040589065807,1.3114730518816813
18,Botswana,,2020-06-25,23.513354906489223,10.304074104229233,6.441240166774202,376.0301610851384,111.274037568971,27.109582375788317,32.18730216943283,26.05670763106366,26.277637712294847,1.9034195697182268,0.6407621639638722,0.28633627213304086
19,Bermuda,,2020-04-27,2.415271286581475,1.8805008826748946,1.8532673090495586,3.526296078408954,2.5069244897513308,2.3419542764995414,3.3146741299446685,3.4075147905530594,3.6350443400680548,0.2983206716950201,0.2759646736261144,0.27975121486308285
20,Cameroon,,2020-03-31,26.529899553746628,12.27951233450458,9.10017207979374,1969.7817748200614,499.7062737786136,78.9812422833406,74.64063368787934,28.91404606308164,15.524616284717464,153.4142902545979,40.90264818665982,5.724463864548654
21,Canada,Nunavut,2020-11-21,3.241258167329021,2.7329319088042068,3.0093351747815738,9.09843880829624,6.311475854377865,6.370546437007039,79.08336895092215,47.40404398723661,16.86299029812076,0.7908336895092213,0.4188092107685593,0.2759231269697579
22,Australia,New South Wales,2020-03-14,3.755193669472668,4.968565752947769,5.531006109173496,115.33297426873445,89.17400597834903,72.30462904203758,1.8583409147357555,11.893502772805437,15.419605693285565,0.8338614654653829,1.9987864773863728,1.826138255430522
23,Canada,New Brunswick,2020-04-06,13.511902392576541,5.223622281334004,3.0565558019876127,20.1065578232097,7.055589479424287,3.5817401263825546,79.31606470194527,79.31606470194527,,0.8544268833308577,0.279251110237898,0.10739856878371122
24,Canada,British Columbia,2020-03-16,28.12127603112681,11.299770385952925,6.993803563727383,692.9656504770404,191.19019368827756,40.042627901499586,16.506350659740843,10.993337889892004,9.958243042249268,24.04467019583735,8.090258635275982,2.654151124843138
25,Canada,Ontario,2020-03-10,12.921600960767213,16.574748724583287,20.192285853896273,2852.9965687219806,945.6995895984611,315.0575399716545,11.625979990818685,20.822005135098312,28.624242748598938,207.48263781939988,55.787039694495874,8.918995783808061
26,Bhutan,,2020-07-29,3.8585465733068514,2.9614042874493762,3.0881701586750543,11.195087124695549,5.996271229232543,5.042394727946456,,,,0.33375091740867213,0.18059213069270783,0.11129735596368855
27,Bulgaria,,2020-03-22,72.32943345207066,24.19329444471924,11.122547522881906,1725.9635537127351,436.675325644146,61.939525942233374,8.379423094584268,17.825163797315504,23.42599767556903,10.3037267513653,4.908139925056823,3.076312654359509
28,Chad,,2020-05-02,1.8002375155414394,4.021401637935219,5.044966395206625,15.640709745517249,17.877045996447993,17.562532937797865,2.116502345907993,3.456774437699513,4.427404440784533,1.6085417828900745,1.7050147717179471,1.9415338996420837
29,Austria,,2020-03-10,4.046905192287141,6.520416845967154,8.468464799464561,515.5184298552782,187.66986859882525,87.77213604139884,7.817926000432587,31.185015635985085,46.18831818670668,48.218631765258046,15.249758161375855,3.92705255331964
30,Bahamas,,2020-05-30,4297.438578558374,923.0658776141956,2.095522733387231,25879.47236990584,5494.793955463488,2.185700290438824,12.91397968027318,3.1969057500345657,0.495324553285298,1.7259799124273316,0.4161896636863265,0.05448570086138278
31,Belize,,2020-08-08,23.908790209667742,12.470032500646873,9.796780460165047,576.4556699418356,177.75040402084028,55.627367776454776,31.419713991942118,18.571459490456746,16.97643205488912,11.048757232372628,3.1696805180309475,0.9303062529888867
32,Brunei,,2020-03-25,14.868497634223237,6.323260598418599,3.05201405467208,20.964581664254766,8.764941796258896,4.070497404624489,35.49864933789496,34.52803687826537,33.13551478645865,0.4908641576456111,0.3790288989624269,0.34034822530885306
33,Canada,Alberta,2020-03-19,13.478846122371065,8.610115047736862,7.301417032653984,912.6966073402403,309.6424674644382,81.85356184534591,9.068241291130935,46.4038435051125,68.50292906999326,12.05468820189828,5.1051041160955375,3.21073820629788
34,Cook Islands,,2022-03-06,33.86918146432102,29.749388469355637,28.706945202852165,1789.8233381252378,830.9956081566239,403.9496882910998,256.8462354249526,231.762745626866,,2.5684623542495255,1.2614389628116474,0.6841168474001664
35,Australia,Queensland,2020-03-19,1.9256356039313953,2.0003600968048443,2.1986693232083,20.362788549552185,14.834070011754328,13.524116453627176,12.12437391931834,18.017512609501292,21.39329208177761,0.7300665588229582,0.6900905183851939,0.6484873913318596
36,Albania,,2020-03-25,3.966359053793078,2.8090061294993482,2.694285793596344,43.518011749843225,18.794966105929703,11.758171882869206,4.0664660656270275,4.648736941890418,4.9146854149459935,1.282388429191909,0.9843313938271715,0.8114235577203917
37,Argentina,,2020-03-13,116.61535987858518,30.970447734435435,5.402156049658627,14069.443540632508,3231.5234066390594,90.50801176385905,140.6932579201254,37.41169030671318,7.815527783903989,1155.6098738651958,262.7374294600286,6.250243858375875
38,Belgium,,2020-03-06,6.195438303409881,14.523579278041963,19.665942649369672,3295.538718303747,1370.9201203339735,697.7551474439884,9.596729188947787,33.951626959844496,49.09860429448603,805.4628875691772,259.0546611568724,53.93964095193122
39,Benin,,2020-05-10,19.967229714932593,12.82964027033372,9.895413610034312,280.4063604458956,102.2751785987365,27.05147072572576,15.033096578423688,13.042466376407516,12.766275465263194,4.078277727264616,1.4625712611771269,0.5084893082570965
40,Burundi,,2020-06-16,1.1197384064065394,4.552017015057743,6.171438571436036,4.715090110040978,9.998659115775261,11.953807414729095,50.79501356046865,26.55314020154415,15.61912562350815,0.5079501356046865,0.2655314020154415,0.15619125623508157
41,American Samoa,,2022-03-01,1.2164738794684435,15.672694099092812,23.660429672958987,71.8676600372377,245.37526394186148,347.73682289269163,24.58219926896555,30.55826015912364,42.70510051064588,6.722134725017852,2.4575598529709257,1.062018953928534
42,Central African Republic,,2020-05-05,26.128303309365542,25.949469473757937,28.80376521233852,1241.2248125901315,491.6846120893532,252.62754745642016,11.766696310003466,26.18332262713714,34.71649699067584,5.822940907035464,3.149256351522271,0.9571247250137784
43,Faroe Islands,,2020-03-23,6.835856750383619,6.204646704821473,5.873099819637599,12.783052123217368,11.155646599740468,10.292695914514182,,,,0.48237774072107453,0.29866518082495325,0.21163865154262565
44,Comoros,,2020-06-13,8.84804939287465,6.793759511161104,6.483712144415154,29.625664237190254,16.788957764563225,12.725596731170413,20.277853371639758,18.98006824505454,18.40638747503709,1.419449736014783,1.1229304802035243,0.9709933170901867
45,Djibouti,,2020-04-08,96.27024152819025,57.01935732830054,54.37551389151204,4237.132132466121,1288.438852671674,549.2670507457975,85.48226278033071,50.20745128677069,47.80664862621041,31.104487772798507,7.392873045817902,1.0102526668702838
46,France,,2020-05-17,14.59357759085565,29.419077956727985,36.92062712352565,3689.864494305032,3511.2701073306785,3477.137259230804,1.7859235438956849,2.3907080087105452,2.655088015361482,349.8788910161386,452.8659541016867,497.1368519844101
47,Canada,Manitoba,2020-03-31,3.3863820525934756,1.8999437445549203,1.3796404514797278,10.048388916794632,4.964566221017529,3.081525511665542,11.956391505833809,7.963363899413199,6.9789077282215315,0.8369474054083665,0.4138791770420445,0.26694751901684516
48,Angola,,2020-06-11,128.99037778490373,34.04695071228736,7.149219769441148,2398.578123766767,543.8145443415829,17.699148223562364,17.568516022728517,9.861502263057423,6.604033416342707,14.729951088662244,4.628215536392144,0.8513134851394465
49,Finland,,2020-03-08,12.464049091148482,10.105368157010027,9.794276290876569,775.1838379373634,309.2294196911568,126.52939086062655,0.511303942418232,3.848576388372778,5.606665663386526,1.508889452073322,3.5384080874196306,4.497385430514952
50,Bahrain,,2020-03-10,29.268620951867042,19.472969325258923,17.38819348532634,1684.1471139862535,466.1147660519527,79.92769412611293,22.93806657579332,20.487314969872187,22.010875832445542,1.9436842562640217,0.8806683366605211,0.533801370268854
51,Algeria,,2020-03-22,1993.3163278691268,431.95851327338903,9.33225552549666,176997.03613978004,37765.896543970695,115.71815875329133,629.7250229353568,158.12830582816417,12.037881265412015,3916.43556792575,852.194043694973,15.428269631904971
52,Colombia,,2020-03-20,238.99174853419316,63.13251656276122,16.94711470312352,49495.20131224755,10741.618891535272,160.39815578116128,100.78939463902203,29.02388044920297,10.069776629124673,719.7287901991331,155.97579438669857,3.2202677292135418
53,Costa Rica,,2020-03-22,16.419665666120906,5.833213598211393,2.9979028792791436,157.61150501714366,43.71105875472569,10.957450816973786,8.609280408056467,21.396053175811943,26.109547156495864,0.8580525826112084,0.8402099008563071,0.7619345935182966
54,Brazil,,2020-03-16,155.51466255467716,39.82168404600406,8.488366832852702,430784.0050722892,93139.56232544895,461.333404881793,126.36318390157551,45.53227840871582,25.847506586500085,22940.65422834008,4974.732884963925,33.29902261729692
55,Egypt,,2020-03-15,23.90278770613661,12.321690182873411,9.441477681439947,3030.9422805548757,760.3040845560553,56.314269078788385,4.594849181140399,5.308638178695358,6.062581149739685,29.649892771055637,10.077715985347231,3.144258072610402
56,Gambia,,2020-07-19,5.240957146171761,7.5946339650529,9.236252183708332,184.2717275649953,113.6355330579426,89.73290085252457,,,,3.695827102313567,1.7136412909640772,0.8302132692462577
57,Australia,Victoria,2020-03-18,6.94249547975981,8.833371219396753,10.98763449974026,110.18417171766082,85.59205568204334,90.49681721792653,16.50344748780489,17.879001821788048,19.39395760337757,3.014066936476618,1.9888815815324072,1.5318627349293668
58,Chile,,2020-03-17,46.132857597115304,21.57264608385115,14.416121530804771,23956.101421487354,5773.046842093657,171.92438621195507,15.456266126040438,51.21468750135051,76.58169427149826,92.96872366315738,25.223117091851158,6.494492784125109
59,Australia,Australian Capital Territory,2020-04-10,0.08384595281167201,0.5600585204353464,0.6341309045995769,0.08992072815099164,0.5937016971013804,0.6698698791625735,18.978311358378747,18.974940481264422,18.973594537302017,0.5693493407513623,0.5480280191117649,0.5364549259417147
60,Guadeloupe,,2020-03-31,10.695397587794432,6.943475899042322,5.755096588553076,17.361587987507566,10.540488263998697,8.319211162029175,9.898534650008221,11.415865141010489,13.124989006170502,1.385794851001151,1.236457244846346,1.291797460694829
61,Gibraltar,,2020-04-08,13.57186593457375,6.471895533892003,4.972479750260605,22.701009157245167,9.499318226166201,6.339881892565445,,,,0.28444868674604484,0.17556585880224257,0.12445801368014087
62,Antigua and Barbuda,,2020-09-28,1.8373095158942012,1.2082135226635538,0.9915189792277849,2.5961364856416576,1.529625842806521,1.137137571996184,20.170520773647986,8.523795834899598,2.738405045778051,0.806820830945919,0.32173469624489826,0.08215215137334154
63,Guernsey,,2020-04-03,3.278367834483611,2.762603016851881,2.5022423410298753,8.261486942898697,6.507539661251103,5.604572094475495,2.0844804715848264,2.9368957770240116,3.438136600864641,0.3335168754535722,0.3538877997457493,0.37103441602867804
64,Dominican Republic,,2020-03-24,3.7710504841448658,6.413014353661106,8.263340756386771,610.7178208642765,243.82627599999697,133.0503160555377,6.275514107008863,6.951099872711762,8.467204120747848,29.749292390185488,11.635741913756146,7.375717458647659
65,Ethiopia,,2020-04-19,277.7745553410242,66.35242749045128,5.265497482403189,13306.474977424978,2924.9546857801242,16.215608820516987,23.337599526581705,9.10648981496626,1.937784706926863,19.749186268209073,5.931257413632486,0.4897642223040122
66,Canada,Yukon,2021-06-13,6.454648545488409,3.5477122620204464,3.20787119601186,42.64443409774855,16.00350191055586,9.81047451630233,21.371512006713502,12.252163798872754,7.673586148142506,1.70972096053708,0.7907259313389733,0.3377430905854329
67,Canada,Quebec,2020-03-17,6.5397878542954615,9.339199081721453,11.521704440170042,2965.0519259091875,1049.6000188951934,378.8645420451509,23.44196784428388,13.626125218211843,11.92280831255654,1058.3744323080377,270.76072179836956,20.512482981605345
68,French Guiana,,2020-04-24,61.2800228928892,21.283224712448508,7.217606493864789,1920.2237102603488,459.5659641575229,13.98041936190117,80.8726114651918,30.598553503142767,11.584936721580739,8.514182548089359,2.067564746427986,0.1158493672158074
69,Georgia,,2020-03-30,9.912576784291709,4.515334003946582,2.8597358051822668,77.94205773137828,26.227620283326864,8.816910068569378,26.57254587934833,14.68662959767425,12.11812820758534,3.3010795980247147,1.1161056707510153,0.4601999080506271
70,French Polynesia,,2020-08-12,35.89392508440339,11.694186452223018,4.661656763058264,1265.9187923446736,305.9506745827766,25.55833575743265,9.289502342093323,24.037178336786972,49.9465229759227,1.2426847251811712,0.7892573164771216,0.7371116261756111
71,Grenada,,2020-12-22,9.89862035971118,7.223111074220867,6.279407507271103,14.649958132372547,10.09703018664144,8.377971623205003,43.67549561659744,31.900459663171826,23.80991873852508,0.4367549561659744,0.3398547796329995,0.2931455637612301
72,Guinea-Bissau,,2020-04-30,1.9091002401681485,4.403312349619643,5.9956862909411335,33.09707862515568,34.893437118042755,40.328399016303635,12.02737273668048,13.54970257232922,15.957477227668432,2.8643178951564408,1.2117359141230857,0.7538369564399261
73,Guatemala,,2020-04-11,354.8686384884965,86.70557125280699,11.00588930223699,34829.827245202374,7631.451034172412,49.321202163331215,60.6773009892208,19.86343220324935,8.671608694412047,241.74556362491705,53.15805932227377,1.1388586288476836
74,Eritrea,,2020-06-16,524.9012490048256,116.52077326110661,7.285119205708511,1594.5032846756735,348.7615244959081,14.395743883958136,,,,0.5412994267149093,0.26150318338120515,0.15120738270046555
75,Denmark,,2020-03-11,11.126571028483227,13.234355901323857,15.49493056757745,1175.246641467156,492.7134222812665,258.00904074467724,7.301034491304148,21.69033643930409,30.707258118826157,38.978955215377304,12.716182108802945,4.18289024155589
76,Australia,Western Australia,2020-03-22,2.7593264219717955,2.421638944091416,2.683350427592858,15.861542852351333,10.583011385223822,10.308440570438247,7.554992293438508,11.262868616462534,14.186599643002367,0.6799493064094657,0.48781021879077724,0.46515907819520463
77,Cyprus,,2020-03-24,5.454229514809001,10.315012477188805,13.170128885073185,50.96001145903578,44.69408056786354,43.57856993437954,9.151058164511213,7.915480543775831,7.576564012745991,1.555679887966906,0.9086583354573905,0.6196920012603069
78,Barbados,,2020-07-13,4287.438131054527,908.7717026898408,1.3816804703107441,7899.379749901595,1673.6540203739066,1.7037058529291067,12.126775853678053,3.5521980396514956,1.024683676646922,0.8488743097574637,0.24865386277560475,0.07172785736528454
79,Germany,,2020-03-01,8.085896007862221,34.30511237539493,49.56837146692986,13091.361948689502,6688.7812589821015,5001.632604776895,6.057423395558291,36.44362477263708,52.95065049851815,508.15210191388115,325.08864170545615,244.99341453738785
80,Guam,,2020-04-06,14.786798144837485,4.3233617611453905,1.2772690713771242,25.80283480137105,7.194039342571374,1.7605993474194919,15.6581556307926,13.227463510055578,12.272949954762815,0.78290778153963,0.6485681617077556,0.5938832373153873
81,Isle of Man,,2020-04-05,0.2382975122769042,2.0147703005108832,3.0071553937488846,0.8054455914959362,5.242386633282136,7.744725975358838,13.636806659879444,16.960517924275607,19.703851116889346,4.636514264359011,2.386558116703816,1.4823251100458048
82,India,,2020-03-15,23.69708778731766,12.454412559325121,10.18854104528498,23438.50979842289,5475.9003734644175,125.77977222410885,30.071518743154385,13.274659546605028,7.90257622016216,904.507392932312,225.58468596612255,6.850265957447384
83,Canada,Saskatchewan,2020-03-27,5.82479798150112,3.8361314422799304,2.607634876102565,37.27253240935003,18.11879450747715,7.402313696674624,25.37049756841132,14.1136448754328,11.636688530105806,2.640553604526408,0.9390996444439842,0.48475358737929997
84,Croatia,,2020-03-20,4.131828960561087,7.196463943103698,9.235030233670692,92.37177063236359,82.87302719084332,86.35020396278236,18.6357424707606,22.0348193474507,26.903186445013695,18.302593100282287,6.120399180628139,2.559989592970133
85,Japan,,2020-02-22,924.6062137928084,205.78503589499414,8.941945756870398,126485.20126003322,27122.87004340848,46.69204962294611,53.799260677906865,27.564424933974568,23.69804238631807,210.55516400616943,46.64168327431037,1.9384300195955961
86,Eswatini,,2020-05-02,1585.4849625819286,347.98110643173806,5.331979145319017,17010.30823350781,3664.7919295865363,11.720640238931571,246.1782209590831,60.798054778467744,12.460826540813363,36.19567455990225,7.8501546226260945,0.255383843866289
87,Estonia,,2020-03-15,472.16596453533543,166.6482759492111,98.766872101252,33205.17323189618,7841.349590363135,964.412270472627,91.94855753791347,31.743050221669257,12.8933133072672,120.61379349148075,34.596986595110316,13.601126080016288
88,Greenland,,2021-07-28,12.5107517819104,4.880671436067436,1.9193872923428081,69.59914239032351,22.02818548427795,4.444891393994224,,,,0.582631726006685,0.3095425555081588,0.186411822732436
89,Ecuador,,2020-03-18,283.1951500260044,80.49195854397915,18.09839205637211,98070.01973079496,24098.669718710615,1139.141813188649,12.114004848301887,48.1356208517344,65.8175400759313,346.24814310074066,143.49181222587578,32.3715207600394
90,Italy,,2020-02-24,12.934124969837049,8.703304475178742,8.126897631954915,25627.399667651727,6998.798625137079,655.4155571351686,8.032195962626052,28.15947459232815,40.54654656676979,2166.110827258969,555.0645524320106,84.88685802241514
91,Equatorial Guinea,,2020-04-21,4034.553087616883,871.0053695850079,8.10352679698854,128449.97148585823,27494.932765211353,42.985554857232316,421.4660540393372,115.18900033781883,32.165735975152856,172.80108215612825,37.696394706374065,0.8524188866536808
92,Mauritius,,2020-03-29,6.307319363126227,5.298067671608946,4.586025008454764,21.108514125042873,16.881013926515894,14.077087150657015,7.101191419402015,7.017880983494564,6.965796251859806,0.7101191419402014,0.5791593883474051,0.5073048771393364
93,Guinea,,2020-04-03,10.566142601896477,9.58861646070783,10.8737084510155,433.0519096465916,132.32266599283105,47.44612144838487,5.708987036418309,10.392344597518147,13.675411864341816,1.303368890919248,1.0239989375546075,0.8922421588718986
94,Haiti,,2020-05-07,10.750657870679834,7.4774546476346595,7.4072411476402396,697.9916945699459,209.17937745314563,59.50612291085845,6.193030012656177,6.698842575016381,7.025837083141047,7.049426298339289,3.72017560728802,2.2118310004574546
95,Kazakhstan,,2020-03-27,29.7181112144983,11.67787535095607,7.4229359299817474,3113.088002020087,755.6693876776818,90.44310301009743,10.91664285149875,14.922449218832984,18.066193399861824,4.117433264767927,1.9650597389322748,1.1888012309569131
96,Kyrgyzstan,,2021-06-27,4.607730786990528,8.640687775283453,11.167800872585342,2737.639135043026,2091.068395851684,1963.45634522178,9.451750268202312,10.720576932759549,12.316040357688898,54.31519474975176,26.51130754198899,17.46235579411785
97,Burkina Faso,,2020-03-24,10.087905776889876,11.917971155074895,13.913938123140285,84.44300214253859,61.1968769024112,57.68248629053871,32.93999422237943,16.407065433501455,12.101729686816173,17.32619505331137,5.984268298511286,2.329934754678895
98,Kiribati,,2022-01-26,145.0375141604185,47.521238530588825,23.442866397334992,4446.248965194546,1281.4419807880547,448.42381975677193,75.11187664424656,54.88859405393749,56.05339229728445,9.764543963752054,3.629462273944543,1.8326277225809584
99,Malawi,,2020-05-26,49.945392514369225,25.61844439248688,20.716821229566694,1911.9054330244128,515.8727893087909,104.07875881172649,6.367218738655921,13.10142501152654,16.84308162890756,6.991490022656659,2.6447284640616378,1.2136542878599492
100,Hungary,,2020-03-21,5.335688088339398,9.02971729663721,11.732884089936384,197.8352060818497,101.7261856561703,77.06197374146377,4.884254968633492,7.204497046553598,9.349695388239105,23.88834941650584,8.138422562593727,4.017715230010047
101,Mali,,2020-04-12,4.796591999089724,4.840659461918321,4.9250314405795335,84.0736356805724,36.48114495035614,15.679794502775383,20.110951047703427,10.800061943152969,8.830631782131041,20.758675959422398,6.407709375869838,2.1009470814291062
102,Lesotho,,2020-07-09,5.327322294066024,4.724943047411192,4.500723032759325,62.31394050178063,34.22343352411415,21.21070344404378,16.954941522428484,6.9135070543532615,3.1443709409087806,8.469825054321308,3.0990012053232077,1.0507592300495645
103,El Salvador,,2020-04-10,25.33671835126186,9.77535076962849,5.023755574274102,898.3746090818579,229.85694534764323,17.359514687461,18.654491309501744,7.925445261655395,5.187233384045774,13.039288043092416,3.402079455674432,0.608638067910514
104,Montserrat,,2022-01-09,2.3278815410241176,2.5798322107279685,2.391616236235843,3.8966038388023376,4.069542428984612,3.655751352159296,42.10813141075482,36.165371062016995,35.80191982600298,0.8421626282150965,0.5162738842841281,0.39648663295721165
105,Ireland,,2020-03-16,3.0849198698768583,6.6410524955573775,9.030155755365454,738.5670627836142,346.09336637233025,246.2064354799317,1.0923455750254845,49.61098385758006,76.02607662813581,16.819085956057037,17.192035939062496,18.517435794645465
106,Liberia,,2020-04-20,37876.76943160505,8025.949383510558,1.3856140245574298,265218.69863558054,56135.41699075496,2.966983261467169,550.6484798299898,121.35352012561526,6.847731495198488,205.99538921936295,44.546187874869,1.279423379939004
107,Marshall Islands,,2022-08-10,62.81055859518848,61.65201702641225,60.957442380530516,9634.62471161823,8458.150695432418,7814.768220002473,35.39758067545931,33.560492764649425,32.670725594194494,6.017588714828081,4.689911100917484,3.986817709617908
108,Greece,,2020-03-15,7.33534083096688,7.479876939915421,8.76699659991389,209.63504106515578,112.62649268352499,95.2018309133715,4.295684188701642,18.019311665539398,25.92735025959948,6.940510378080864,5.677275307539824,5.8159419707596784
109,Iceland,,2020-03-15,1.625401816391065,8.684417469135806,12.572522642403817,29.51195825279827,57.36096365805869,73.44892349625763,14.322964526344908,21.496944757076193,27.247937899292758,1.4322964526344903,0.8718830742110271,0.6650045571942824
110,Myanmar,,2020-04-19,196.01908837820466,44.728841765302306,2.277676524009058,569.1192952411769,127.2906926851291,3.717488043372762,16.05543814745703,7.562652556585106,4.803531009751398,0.9633262888474218,0.4411835089697222,0.2688016267980779
111,Kenya,,2020-04-03,55.44882999262811,20.59158997744484,9.34640489173069,1368.4999455670047,343.28417423163177,29.97953720182011,34.395657844979965,15.627777979862747,6.5978592050212965,25.752809068339147,8.18271028804953,0.9848198041624261
112,Martinique,,2020-03-30,31.49104104728827,10.80444164056719,4.156638805997251,62.73809094767599,20.396919584358393,6.662440669038715,107.63804746632309,42.30628120597314,22.3647310846277,15.06932664528523,4.917452084551356,1.5792071956690357
113,Mauritania,,2020-05-20,6.205833221450758,8.84641029640027,11.475923625129148,373.4424762985329,132.0081503147467,73.9868808710397,1.5433029401878133,3.569110678533585,4.7639052387635985,4.669539424790389,8.12803666812172,10.336583908219913
114,Libya,,2020-05-30,99.90965241196886,30.520403172858984,10.642051876891735,3826.4078338474674,882.32449568526,40.47670084438473,47.26389316703353,22.85106884116883,15.74220713234809,37.58254042778883,10.191403024622927,1.5095271224590872
115,Azerbaijan,,2020-03-28,99.52586553836869,23.845571445128947,3.8809219630593352,5598.918348503796,1220.8410443852135,43.30664048721117,36.71224042190023,12.04134553057442,6.285360822213318,24.829646186564236,5.770950402590296,0.6921405634093462
116,Kuwait,,2020-03-15,24.331115673965964,25.572563834804917,29.655507554855255,3512.330200841274,922.4720465306756,172.99168179950894,9.663652593870387,28.230090951998765,45.57259959479267,9.170809837416245,3.1845376654780164,0.739983430759811
117,Monaco,,2020-08-23,12.394194806431779,4.3228884437036355,1.7979630588809514,33.532638648622466,10.00215906168659,2.736605731086477,67.06163087553016,41.79976385136442,34.53545988110016,1.341232617510603,0.6356060632071829,0.38141280237792746
118,Madagascar,,2020-04-12,30.165543871689927,11.355759875942708,5.637888698137669,385.2618337604778,98.9585642824256,9.167376229357691,11.779897047613396,17.960486071847576,22.27969317309618,1.2620050333758215,0.567247779622426,0.3065989528915043
119,Namibia,,2020-06-26,23.011454563781353,9.067284067072974,4.776184982251376,1600.8928388443348,410.64325965393,38.13689974108987,44.2463453504034,33.07853943736141,29.28771931172714,31.455822545338926,8.615111228434566,0.8588827544096879
120,Liechtenstein,,2020-08-23,95.27570071853403,20.812435612455733,0.7825366397474163,489.29158741716276,104.24974197732253,0.8806006685039042,28.567119921792735,13.84384141919415,8.367411967552856,0.4441174992747817,0.17191298462648819,0.08367411967552855
121,New Zealand,,2020-03-23,17.68277774435621,26.88077754663748,31.9100021573637,203.96553560937647,243.44726325128693,265.5392029674198,25.756476420346676,57.52973450836731,79.12022065388273,5.488872115276376,2.929370006576313,1.8720449329405517
122,Iran,,2020-02-27,3.5111527722654627,10.204183530261991,14.451961188362155,3393.58729632562,1700.2961147996975,1399.8952166182678,8.935562777745904,16.615937328953613,22.40840939722393,539.0035236598989,167.40294128047165,66.24240515960058
123,Indonesia,,2020-03-15,2.9822441236543855,5.734363464046181,7.546198901250095,544.3182135946536,200.1316383158526,90.6784137798909,4.090345834007518,10.14467485915215,13.228491177184267,44.04811746426002,21.542157404667314,9.299180689719096
124,Mayotte,,2020-04-01,6.228983526841747,11.362519498525144,15.20267698248398,127.02952913240948,59.335019039151085,45.77056059364897,12.381069698054157,16.847831605037342,20.763090490510525,2.823494944599857,1.2412111781361774,0.7481530615271978
125,Micronesia (country),,2022-07-22,7.335261072706258,23.163372040355924,32.67874480155322,806.7866416928737,712.6820969238412,773.0827479220662,11.336739858473972,15.195504282871857,17.79821151898746,3.5152927735825954,2.3988927231990944,1.950895450231392
126,Latvia,,2020-03-22,2.943789936107048,7.415168544624974,10.118110540118247,30.347666675440117,30.164156650390485,33.32595667838428,18.236030094722253,21.429194280291384,25.627546985460807,3.948751138614184,1.8227442424611406,1.040763465854158
127,Netherlands,,2020-03-08,2.984424471893057,15.439510180143579,22.22838007976896,1256.590139691328,1271.636056792402,1321.2105341167135,1.4350959592188528,79.52674952748079,121.46277707309254,78.84746498328452,153.30528037804456,173.23050736952047
128,Nauru,,2022-06-19,39.56513246193746,40.475843541707206,41.255305651840835,1823.6098009611642,1628.1369017685324,1543.291691478214,489.36433505551554,296.68201016430424,180.63334817731592,4.8936433505551555,2.503577834504162,1.394064752894421
129,Bangladesh,,2020-04-06,37.42129302906921,28.472103246729652,29.839101411418557,27184.44810989776,6649.628220380429,618.9346852036285,34.90485054577132,13.964586716237015,8.408167425137773,342.9991581496869,84.66377073368045,8.880718725535813
130,New Caledonia,,2021-03-18,0.7588404856478823,0.7968959298420863,0.9714766056442572,0.9544149820916051,0.9697013685483911,1.171767682418771,,,,0.22347186847274508,0.14160508228299262,0.10281842464746767
131,Montenegro,,2020-08-02,317.39467209684307,81.87404534207285,12.516408497368431,29063.896400456128,6634.709444784099,166.74819767480702,40.32294753984366,17.939765135234417,12.972036255562905,55.0841008243437,14.645344257697609,3.226566793469244
132,Gabon,,2020-04-18,2638.218195536758,571.2510202714196,10.79759415869994,124513.05491219835,26565.74990450052,55.03738113359952,141.17659146149583,35.919943637538,8.062921068226684,52.60476538568919,11.720238013644282,0.6533861386219415
133,Kosovo,,2020-03-30,8.026095248417837,5.565233077454851,5.493818695502606,88.55094395755272,35.19682461231308,20.672656849384367,3.2716946960792255,23.374151262569022,34.910838749952745,0.6870558861766374,0.8153542623200286,1.0144818911172828
134,Malta,,2020-03-22,7.524874393375633,6.234854293560241,6.388820170768953,45.36629290170348,22.71903998851123,16.394764006802486,5.871624646191793,13.848791593839449,18.92014352399278,0.4215438315216407,0.6174138065023912,0.6895419238701321
135,Niger,,2020-04-02,2.6020327897269038,4.825028167020938,5.916717945178991,25.04299875983213,25.83642020172923,25.384125514407604,1.8908324528994522,6.461533561874474,8.829650643195457,1.6722182988730736,4.1124376693594655,5.358249624156823
136,Honduras,,2020-03-30,68.94383395422986,29.568730985089886,16.995115571489897,3611.378708787118,928.220812917413,75.22704833558248,44.0902102863765,17.73172494485389,10.157953831213254,95.55754818990921,24.67603859730426,2.696611119807041
137,Malaysia,,2020-03-10,3.6121428811266223,5.413813542923796,7.017908889058723,241.89362449112474,120.03450451927158,96.642913931241,1.289439746596995,13.908557430237536,22.183601706515788,1.4305157972374294,1.6558103893149474,1.9662730699214739
138,Guyana,,2020-05-12,20.287162070136116,6.714485471220981,2.0361383790544902,61.57925148981617,17.713817398573752,3.024316459237834,23.74278054429618,8.386942025832283,3.745064953922876,4.178753664153335,1.2649798825895713,0.40466204802782846
139,Nicaragua,,2020-05-21,16.936664199599978,12.9282508971177,13.46638471911292,496.982330241912,184.53441992590498,99.30017950020216,7.31116394908931,7.50251715632421,8.598462993820382,7.869517072843774,3.9866605798448935,3.0442902013845883
140,Jordan,,2020-03-23,28.350476354539193,11.472181197595535,5.524547023159582,179.1785960040102,60.865668136421284,20.254070994576868,30.62020760273798,32.71664120651773,34.977028461817284,2.7558186842464183,2.1372431609377043,1.8754177354563153
141,Jersey,,2020-04-03,75.33967701506467,24.887346924259635,12.325836370122452,221.99918210487644,68.12298434340528,28.349236090106047,95.63777877979986,34.859982220539635,20.495747670898545,28.55048007371232,7.640445843965403,1.8727266691488371
142,Paraguay,,2020-04-06,18.13344450105704,14.251347952039303,15.709344671096535,211.969209484754,72.53015622599267,39.45683192870554,9.72956045387968,5.698922384094,4.410469736314401,1.0702516499267645,0.5346039582164397,0.3427233495509554
143,North Macedonia,,2020-03-22,16.924324154333917,15.186899449553163,16.984278530970816,334.3436611107162,124.19764271366304,67.28440063330937,3.158763649878255,32.806132286180976,48.71724193700438,3.8345083665322126,3.8506460593260963,3.878162307749986
144,Dominica,,2021-01-07,368.5477389635419,84.38278033879791,6.274352387060855,568.162875773705,128.38520431563984,7.506554302642915,,,,0.23914543156935597,0.11807064491829883,0.07253202331256933
145,Moldova,,2020-03-24,20.113535930574326,7.651423001824176,4.005545242233525,1492.3001106692914,385.4883984762762,38.28812185398255,22.80586717208002,14.36075745137447,12.472220569235844,61.19430600268414,16.826029681529235,1.686612720137066
146,Jamaica,,2020-04-16,4.775134171971493,2.7497922072499996,2.611940598225915,30.83845600158122,12.295806586373553,8.477313457660413,2.4590606460341764,4.486216117320588,5.01031191090148,0.24590606460341757,0.36215794511817595,0.3756102842235219
147,Mongolia,,2020-05-16,1971.709199574972,421.24401633575366,2.730689059063069,5631.424716607084,1199.3927085750754,4.8221945435255185,,,,0.7207706235101339,0.2815689923703618,0.1354576482660483
148,Philippines,,2020-03-15,27.185559340609768,10.72943246260501,5.090975529693406,3381.0089864951733,946.9429936232082,108.38246999485082,19.097687846580342,10.82175913091273,8.951181815007528,154.32539746986194,44.36509423898579,8.387827786069993
149,Senegal,,2020-03-25,180.69249459606476,53.57204129795411,16.196768172068925,6068.317773955326,1426.2481025124944,51.416693328268664,,,,2.856060831411814,0.9083584940155155,0.23475899530040045
150,Poland,,2020-03-15,52.97054516822467,18.637793835396298,9.964419617933476,10168.720055158397,2369.5416138130367,120.50333586346737,47.04453456087235,18.80012323129858,11.981432322852585,437.97319894130186,104.47730731846382,6.205542215017494
151,Armenia,,2020-03-19,326.3191576874385,74.88932682186035,5.306965503466371,22185.7908163601,4792.362655917992,30.24437934610415,25.506553328596077,17.604304472835558,18.235036964769836,22.333311592799326,5.408221225143106,0.7547326589931491
152,Cote d'Ivoire,,2020-03-25,23.439988889569335,8.731262790142942,4.324787345836805,615.0352183919065,165.99186933019251,25.308909319776703,10.235384927806344,10.07792488427832,11.421979859811081,3.306318711002961,1.3197036740152173,0.7304649163996695
153,Mexico,,2020-03-13,10.821907955890874,22.31206464058546,29.76238187014856,6748.007374745645,2174.4785652170385,741.2851441861624,11.188787498058375,35.25321122250779,53.29244523039481,1286.546388293028,300.5480884292291,34.12020189217514
154,Panama,,2020-03-20,9.112597171789433,5.665316644884535,5.597247915953283,962.2937564996563,245.81871518556173,50.99179170609603,6.428016145192729,9.717270712354772,12.503216804145579,18.87511459540658,5.618886773763486,1.5915654209724424
155,Reunion,,2020-03-27,7.480141633333763,7.596945550486078,7.75756373945163,34.58121383367929,28.053570103232328,25.261708914272962,38.84525785791115,38.1377828798667,,0.3884525785791115,0.6150952493248899,0.5830103523857749
156,Israel,,2020-03-12,285.05957615448625,68.48966134040685,11.75054627868637,47144.83837269228,10224.834303195128,246.7319555743193,83.99965956654411,35.71154420632744,22.73700703657639,230.9466209865116,54.11274018296427,2.6211625979158613
157,Nigeria,,2020-03-30,3.133335040911758,8.288976407745018,10.585017754338274,311.3461493827034,150.56628389268607,55.54630601232154,5.83102088170313,7.2750002611457365,7.58754725082522,15.266343555318075,6.800072088439169,2.0903969493759633
158,San Marino,,2020-03-17,4.410598403630662,4.901415734217339,5.791942079746977,29.41387722764251,16.57733711810187,13.981445777424172,9.10357280393096,5.033368294494566,3.701969264573942,3.749280542342927,1.723868396378035,0.9878306528043411
159,Canada,,2020-03-12,1.4347020458003612,16.771722142440986,25.14460940489409,995.110978379589,1102.8794887548406,1230.1436916071543,20.520343527321423,21.26492703151538,24.582369704937417,1082.259306042942,279.733720008737,28.152317924995298
160,Bosnia and Herzegovina,,2020-03-22,16.24908740551386,8.631594805512318,6.604211964612645,389.18448805865165,124.70998477978476,35.04027157276171,14.523481981145576,17.352266734881017,19.47131829077075,20.593756472776665,7.548343703019534,2.004494194138792
161,Maldives,,2020-04-24,26.289962920274395,12.213925898073342,7.7508091406857975,606.0668873313051,184.98934406317343,36.02219097871659,72.3152384453622,32.49328416178677,20.123789524257965,5.785219075628976,1.8412022770156746,0.5901297842489032
162,Morocco,,2020-03-23,15.26085538216905,7.95812010009714,5.532772357996311,1135.2461278158637,375.13380838247394,95.74882868822648,4.049350847531167,15.990573602181493,22.439718111963714,7.989761248271768,6.840984966869827,6.2196448387547045
163,Somalia,,2020-04-18,9.13231182158263,5.7943188891413,4.602870965693989,249.32599025714185,94.48187771554468,32.72096420417177,1.476849753275256,4.4466495109759245,5.828927367909359,1.3112713317695097,1.8342686611780357,1.9492330721942543
164,Papua New Guinea,,2020-08-03,1.6531868006693822,2.174211142407284,2.6577291008898207,9.008733715740012,7.090794876229883,7.178045642385601,7.1321269563225975,8.125759325923005,7.7555452523704815,0.49924888694258185,0.4123369913923331,0.3043136966532499
165,Laos,,2021-04-23,3.281237031244763,1.8438544184859813,1.6536782239639825,68.60759352795294,28.25404092492275,18.853748833899797,61.6093842851281,34.94164070292836,20.752905312254292,1.848281528553843,0.8250285275137146,0.42610724075371303
166,Palau,,2022-01-16,10.367586405514615,15.165058590857134,18.10506425895804,409.84159918295325,300.2289469247468,255.53220630005552,46.109734419883424,30.09099460062971,14.118610767736648,2.766584065193005,1.6462148747957728,1.1846649928267563
167,Afghanistan,,2020-03-30,33.02183361279108,11.816445877998598,5.6997312992784455,5533.699418167362,1293.3839111323246,58.353358680818424,58.63228698384824,21.335980625999063,11.227462270783244,162.9349313704486,39.06598606137417,2.5743549312588168
168,Niue,,2022-11-22,36.47133347653391,31.85069376121007,29.896896117177075,267.8374871169266,144.96862875689922,86.75786252909177,,,,0.4083973220628608,0.1886815809518703,0.09392370936135096
169,Serbia,,2020-03-20,12.221146541796978,10.448254947730197,10.52648673717061,1331.875942518103,506.73765715573165,185.71968640907772,0.7512712489518191,8.59002570998429,12.899724941580097,1.78773999957884,2.5607444466070786,2.93980338930359
170,Pakistan,,2020-03-19,39.84590040600995,15.25419139225456,7.295410835722061,18800.560057924948,4649.743780755484,184.26853741405162,8.246955054485156,8.213899641972173,9.094314436809734,84.43801031615239,23.888716529507874,4.105268063635014
171,Slovenia,,2020-03-15,2.747435678320782,7.059405976211218,9.153080207740725,40.246874161612155,61.16694122031806,69.20469762088625,6.663802764052827,57.11883191855922,85.01844631632083,7.395446147819399,5.808343073749722,5.638001132474155
172,Portugal,,2020-03-15,6.234849670506662,17.509076480259502,24.513438143392865,1780.8809014157387,1003.5573520014322,854.4026432183426,1.4128819147312959,15.970826356920679,24.902985408515498,17.99486639053084,33.53436900437793,38.86820105213608
173,Peru,,2020-03-18,16.356682318920093,13.811135012011984,15.634091225804545,16799.36207685938,3965.8437977190583,461.29177196849514,24.28124420012562,11.090852013964131,8.531967272391103,3508.177941227617,783.6839356005997,11.322641822322337
174,Romania,,2020-03-14,9.457166426125308,4.662829811090025,3.4974380400029212,1563.738635947298,419.9383113647147,54.83738868348246,14.430962805995678,31.218012641610493,45.088248417441655,154.73443154026293,43.712616502348176,8.04750985629166
175,Puerto Rico,,2020-03-25,1.3391714321725539,1.774213803166078,2.1965287099764175,19.299701173446238,12.775319912417507,12.071378788921916,8.071352583195141,4.655415677971011,3.314812206586363,11.23626126339883,4.260346954666086,1.3379476705533944
176,Luxembourg,,2020-03-22,3.7125176149421972,10.124279652888053,13.264255667941427,113.5454429908369,195.01996841630512,229.3507755321429,6.766503608614379,11.266090812234195,13.812252662643692,5.616197995149935,5.361719070165259,5.307024545141487
177,Oman,,2020-03-27,50.32100533431354,17.973030649930593,7.118649296405141,5145.056107110529,1256.3313156043837,45.888462585026225,41.286073771100845,16.75747745419204,9.333631201700973,19.292276812424408,4.739230219756215,0.49873399148940245
178,Saudi Arabia,,2020-03-15,78.54507678873478,27.405191744243112,11.90042664502348,43476.42596118296,10303.852625759573,282.2978179767912,46.531704427069926,55.086161928585256,70.41446747999518,147.57359274695858,38.75110343166696,5.579367884493061
179,Spain,,2020-03-01,7.915324888339165,30.470550565379124,43.71300464475756,17806.84480387753,9274.972736624497,7023.452026883267,8.431173130993043,124.91554995193768,189.14003248736046,2208.587086910736,1074.7644814628027,740.361610919362
180,Trinidad and Tobago,,2020-04-07,0.7377762516710032,1.154907884245813,1.2711091175022344,0.8808997610088757,1.3303556228141982,1.4517937924475728,2.208915700166697,1.401304271963632,1.0180153561447172,0.17671325601333573,0.11210434175709055,0.08144122849157738
181,Seychelles,,2020-07-10,2.9389123250536175,1.8023709972467674,1.3601552678494433,4.034127280361399,2.3233130125191432,1.6448841589809065,,,,0.21156402217011708,0.12896391893103845,0.09030183896997036
182,Slovakia,,2020-03-19,9.026676253453227,23.976067602711883,32.292733588161234,135.4855260982128,168.63043772844557,190.48662213863278,9.040289138453002,21.231485539343183,31.033415824485207,2.5192470947578585,1.2808656801110436,0.805152607925421
183,Sweden,,2020-03-07,31.133463033872115,22.028179219775858,20.866642052833157,8186.7969870661955,2379.4260797616057,426.10576407610506,9.76345068077104,86.58793308267529,135.35327032392902,350.12675443575006,103.77414332934464,36.08469926007192
184,Sri Lanka,,2020-03-25,31.260436138909416,16.475048026201307,13.746850201358955,465.23897771331843,128.51620837014352,32.4018831814354,4.943119740048426,13.73940262468787,19.27710180782824,0.4841130704132894,0.6699549681864843,0.7934515742249275
185,Tunisia,,2020-03-25,6.510604293303417,4.299233447555176,3.997155241505608,69.07224983701751,32.7141263315159,22.637611964241692,4.370619847266181,4.550716638591321,5.208930738836195,2.083842782486083,1.2438539712522,1.0649379104690924
186,Saint Kitts and Nevis,,2021-06-10,8.38531625745893,4.106432473899535,3.1401951460619353,54.25855702831548,19.81485363847645,10.154651669028505,32.93560108950408,30.490707850560163,29.09448322955545,0.9880680326851226,0.7754427242730422,0.6660563740467537
187,Norway,,2020-03-05,13.291073897609312,25.799705928171434,33.211525289250844,1064.063082961119,920.456231766952,903.6126924684504,24.211869114116606,21.850913057961385,24.986130821032386,51.78219059190654,15.76757721642203,4.961968408097958
188,Samoa,,2022-03-20,35.39143432265729,14.567889889700892,8.045765066271663,4546.759244389586,1345.3275268932778,270.9806083008914,29.346555811313912,23.25559874575842,24.448916813589026,7.23604601804101,2.584354621743977,1.1436088209295732
189,Tanzania,,2020-04-18,0.020524417235845267,5.056685119365016,7.761605498209348,0.10446928373045239,20.410841196548336,31.283404369964025,2.073424193112162,5.268329109270776,7.031462087243878,0.435419080553554,0.7666903135853409,0.9523510653936477
190,South Africa,,2020-03-19,6.1086506200071975,8.619461122044873,10.564322233011932,1131.2931186714907,372.63881694033404,138.4313257880423,9.089739773948043,43.37159025786412,68.19292172844813,38.93969452264129,11.509522257562683,3.9301074794165034
191,Rwanda,,2020-04-05,29.297723050001867,8.72718214474796,1.835431183003957,131.69631767883646,34.63856184176624,3.492534533052233,73.96601446516637,73.96601446516637,,1.3605981691022697,0.43522492320188483,0.14886548318182927
192,Suriname,,2020-06-08,11.759980589143115,5.844611295807941,4.8279006063384795,292.34475618271364,76.62401351572544,17.667989107819693,7.264958363806688,8.062595137767877,9.54090623742974,2.7549926960040314,1.0426064758219715,0.5815034139692119
193,Lithuania,,2020-03-25,9.183379672938944,8.680199932730563,9.26056036694611,144.95465330947354,82.13898967226868,62.971478962899035,20.50460464477462,10.630482676173695,8.12878578705519,10.545081844534007,3.2939763279246628,0.9695342847437785
194,Turks and Caicos Islands,,2020-07-31,2.1727379702651106,3.390611531989497,4.376596300640191,14.984772420103566,10.992837129462922,11.09590825238097,34.96677197153147,25.7201550960363,21.656306184519657,1.9188046305215953,0.9666032522745569,0.5342346536040118
195,United States Virgin Islands,,2020-07-05,111.8161046033542,29.45067247935782,4.4410463261776725,1315.6635677902186,315.6290549406648,12.310961014095152,28.079760346960214,11.23607093386758,5.65852222645171,4.620579761209964,1.4368791558243263,0.38350078474296073
196,Nepal,,2020-05-07,49.132918814673154,17.322562945229986,10.124836171322041,8228.39539336853,1884.1309451923655,146.0355067112606,37.83992418122798,17.474387642163787,10.360877279445932,14.95858201161683,4.153004065995843,0.7153119985536697
197,Saint Pierre and Miquelon,,2022-01-05,6.010417451351282,9.390214594967944,12.423908224087079,72.64259018815314,39.16809097683514,35.6874702711283,75.62039639642198,44.31793893755356,17.75788622564004,0.7562039639642198,0.3637248526376393,0.21083847364392244
198,Tonga,,2022-02-13,7.874921177937449,9.209285995555003,9.678646627455343,700.7635684610646,304.689284087052,99.9654765084293,15.57586857858172,26.830127364138534,33.7565178599359,1.6608111473121074,1.0420960050566535,0.5034483787750788
199,Iraq,,2020-03-15,37.37655033304494,11.547880961630796,4.0673599499744775,1438.4611252660943,344.1268938927309,25.418290988345735,6.1040423744394205,6.263679912046855,6.712148496920441,7.404645037695462,3.334900726703813,1.772572906735741
200,Uganda,,2020-05-18,7.513970110926678,4.528297956083878,3.511219359659067,80.56211288873216,33.95384598701126,16.015211406698544,37.791452849337944,37.791452849337944,,1.0558895212596358,0.7071981754588529,0.4799469357524719
201,Switzerland,,2020-03-04,3.8792291486615316,5.810082163285652,7.206070078145871,1167.1584505354826,670.7870431709313,511.5536050773685,6.8239716865229285,11.042674030952233,14.361814443537277,112.9469323167904,39.78333653687024,15.788136678032387
202,Sao Tome and Principe,,2020-05-04,46.871797556769295,15.645084816010094,6.41129864643818,338.57707089800624,97.65114171863182,22.97889475347763,14.035382301509209,12.383410446072565,11.953667646548572,1.851091053324178,1.168986497577057,0.8648853288078698
203,South Korea,,2020-02-21,1.504593239463588,8.375776137813423,12.193557577825677,161.25643605552577,296.87010105563525,380.08959165201003,7.21699202780655,11.468164591487469,14.98721038056412,17.516326434286178,7.1496022465413755,4.574186018919117
204,Tajikistan,,2020-05-04,1.8549520333411933,9.27100571024061,13.590871496836327,115.86650514983394,143.4645815034381,177.2534602473602,4.214980252244807,6.90448065151094,8.460681893615192,2.219544494366462,2.486276274396126,2.6882659952165935
205,Saint Barthelemy,,2020-11-13,13.906335115761498,6.224533401248637,4.546682011514798,35.26747429550719,12.296116615821234,6.478547924671905,,,,0.3228150622596846,0.1910950627890052,0.12974277935971817
206,Tuvalu,,2022-11-05,14.531084196890948,18.131608690213938,20.0555541651654,403.8188298315994,410.46635918780663,413.1659309403824,,,,5.012615799896657,2.7968926594811654,1.7570734690946757
207,United States,Florida,2020-03-15,6.089348980204291,3.5614171932764096,3.2491224665122713,2857.709450434474,750.980142209851,127.99574250638182,6.610475730050526,6.040954932176492,6.5223828586364805,133.10923829385672,40.091700289112325,8.285918118071418
208,Sudan,,2020-04-21,13.762725373901926,12.747844805891878,14.667777051245626,1207.509748735017,345.9415267072383,105.2989927041721,31.32249696929793,18.11611137666069,15.125049106607793,169.69202856673013,49.5830036390262,10.45036200678001
209,United States,Washington,2020-03-07,23.2037405328576,11.886148414355912,9.11619074732417,4122.413260049809,1104.8323313757332,124.77018679882669,10.358401425918192,4.741100142468083,3.1671683657123846,97.95938488989404,28.0733588721939,5.32548343496131
210,United Kingdom,,2020-03-04,23.9527481066623,17.530711814064006,17.265391724146113,46260.0238091904,12403.282035060063,1237.1106168385784,1.437688845417583,24.942761455232354,37.88692886093957,627.8285582850348,259.62335523813897,152.20940874972368
211,Lebanon,,2020-03-17,8263.136928446696,1758.134046501778,9.075967080952415,87528.10179267764,18570.970438976692,40.93540940221514,10334.549925602592,2199.750610721559,14.498593595088652,2686.9829806566736,570.4200075622529,1.4717902906381823
212,United States,Texas,2020-03-17,24.46575188160853,9.664141576938272,4.945399887353211,12626.154833262031,3329.327798771565,279.0171787453811,15.413712097250645,8.550994674830955,7.220415140469122,219.1734471288943,57.88268865464921,7.90405376450922
213,Syria,,2020-05-26,33.75123383221414,16.375238489677265,12.30373939846884,235.99639936378492,71.68243698872584,24.437184025585953,29.443056433627767,13.882091014432572,9.70391437206026,11.388858559156828,3.1538518101926014,0.6788472911997235
214,United States,Hawaii,2020-03-26,0.902237943772557,2.5510137773575083,3.180630785714101,5.726063248647112,10.853990418945774,11.98182102939734,15.279680956119037,13.606702981776555,13.776903022443731,2.5975457625402356,1.2917695789920858,0.7624662330290853
215,Qatar,,2020-03-12,46.697611936866096,18.608539158763076,11.299463298105403,13178.16319653938,3065.4239930817616,95.60002191615774,102.87628939501457,49.85378170029245,28.052985273488922,14.655261330221732,4.202329403174384,0.9472581985115702
216,United States,Arizona,2020-03-21,64.45825155037672,19.84696567485022,8.391274031422185,10980.44932438709,2469.225357018668,82.5846286128968,9.416847175674473,12.250227140616115,12.933014265848138,69.94562609834239,29.86940920192386,7.0604934069276855
217,Thailand,,2020-03-15,7.871522798455448,9.214540560679518,10.151708747770503,238.29822308507573,162.33276433523062,128.0099511192089,4.979574956950981,19.730717887168385,27.78759715117763,2.788561975892549,2.234989653935288,1.9725240564978463
218,United States,California,2020-03-08,5.127500146794954,9.918752412477053,12.686353890177637,3456.827502665316,1277.739099446197,398.43987893796555,20.73502938219565,11.105738033653418,9.427599072760469,594.0394412337989,145.26560553157637,11.79077942615427
219,Australia,Northern Territory,2021-02-05,4.585815262837013,1.5018740428753241,0.6407911220754413,5.144098274805763,1.6466194092115243,0.6676364958937547,,,,0.1526260625207935,0.09717023807420788,0.07093869348758479
220,United States,Rhode Island,2020-03-23,603.5539776964341,136.49333136769047,8.588481856201078,86470.89990745271,18760.56965128079,105.33760942566389,72.5442673263128,24.596301198464225,12.360087081490644,481.62860775502884,107.05204702093835,5.265805315875604
221,United States,Utah,2020-03-20,18.800587692695743,6.421735681556033,3.0643818182488074,1561.8664322326104,387.5320172945648,42.95644906717188,10.158988989766964,11.08720213186731,12.190039284520967,9.514758686433458,3.4623501056614217,1.1089595939978383
222,United States,Nebraska,2020-03-27,6.67934571187454,8.739343801950577,10.911428658578698,955.1496483611159,299.5679441875949,112.31562917795347,23.274437168797547,17.719340655203027,17.73901935713122,40.78814724023075,11.870939480265642,2.3304318262827293
223,United States,Illinois,2020-03-16,15.709719844212659,15.24866865656415,16.58923341578579,15421.548794753318,4662.535615413345,913.0590278521555,9.706831283618039,9.387989351882043,10.727031115988714,427.2623025421802,115.99275477856173,20.016482996380734
224,South Sudan,,2020-05-09,4.510392710835074,4.113590777686721,4.452776236201387,96.64952760619653,39.58274264359947,21.0949659070614,26.01454382156186,17.457563145596854,16.051436025880967,11.163137658398371,3.966443076296951,1.6128752921760288
225,United States,,2020-03-04,13.189591630899383,12.404073819981999,14.039558484403827,161390.52573283663,42782.65207195236,6195.539779572133,12.625386855865658,13.064706201190157,14.87837615590544,9178.230916032662,2480.067606319616,246.928230313988
226,Fiji,,2021-04-26,8.49547946957184,6.2335520778045685,6.096207888934951,391.3820910728062,96.96939124856989,12.520630876151,60.7666170113621,21.67960676206031,10.605088591325751,12.417933583567061,2.926007392571844,0.3095598752160842
227,Belarus,,2020-03-31,0.8509248229750345,17.29774276861196,26.19710453957822,384.630849096324,355.1273298817708,351.8426299471561,0.8172953019499607,5.512577977610892,8.020439502524585,2.0329151499650946,1.8075593748311651,1.63644753335144
228,Ukraine,,2020-03-22,20.946997495229542,28.626104353437515,35.58432984419139,3905.1104772676354,1288.4801904368785,469.0525944745651,24.967489470144173,26.103635729232167,30.242791300992895,63.52763071600233,20.308192930904394,7.062356022845848
229,Turkey,,2020-03-19,406.8633612385993,97.55428247542271,17.614799036322594,638120.4844226061,135486.56068198298,639.8887802212505,59.92053462053505,20.12109719650462,11.147614173247005,2606.551413714621,569.9967966534734,16.10324118706204
230,United States,Montana,2020-03-27,27.593557573410266,28.982971349710233,30.708114689428236,138.97719728715836,120.10570716239096,116.49291241641524,9.261393017273575,16.522086435709422,19.575841152167882,1.537564976317598,1.4168663313528946,1.220623197674883
231,United States,Kentucky,2020-03-22,9.18319761780418,6.9275296239428785,6.629143682397701,828.7628272058047,269.2685739458018,70.14013924482813,8.84660550415087,8.669719918527953,9.63478070807735,36.30080155559904,11.666033012696408,3.362527262507833
232,Russia,,2020-03-19,9.10179863093394,14.758768479716771,18.31463556244812,31248.56155237059,9016.774512410504,756.7617806052288,9.682225920814767,9.368253120016352,10.475969757018005,309.8301351547467,81.37510422168228,6.2070664562432105
233,United States,Ohio,2020-03-19,28.18639378285609,21.238371646008662,21.1471388837805,8629.57051186109,2449.608287182251,383.44506334368407,2.718352173130566,23.077782822885315,34.534056626469145,52.43461761288511,25.825288725991054,17.229577556037324
234,United States,Kansas,2020-03-24,1.102683783173792,4.291642410646545,5.97740425918244,102.51236209260132,92.17803521327417,86.97304591329927,17.315632600873315,23.895632997177966,29.302447277084063,35.6419724225805,13.547157803829405,5.746888382675301
235,United States,Massachusetts,2020-03-12,57.57237648631378,19.01813627769511,8.937827841978926,48666.792125563734,11365.88481025784,550.7451071334874,64.88221917735598,26.417907677694135,14.476296198473277,3636.1153719198696,857.628439017924,16.693598083023215
236,United States,District of Columbia,2020-03-23,122.52811638988383,32.67681721384513,6.880018062788169,10254.713490346105,2377.0074179270664,79.28309852093129,47.41332559571342,15.717972051758212,7.252567085671194,211.38921049030463,50.56931277008803,3.570305332056605
237,United States,New Jersey,2020-03-16,23.04264389987085,12.03794583937721,10.28966612180588,34470.46284075209,8762.15135359501,1240.136177464634,9.681045480689555,8.061427406924734,8.992440366991572,1031.7141868487429,282.552216349674,75.33733440753728
238,Vietnam,,2020-03-23,15.20727059275589,4.845047670775451,1.212952288966012,49.48507859408557,14.809624637975643,2.8079852427276215,,,,0.6864687867362597,0.4144016275443201,0.28583130439242377
239,United States,Oregon,2020-03-20,5.836308201791693,3.1741316305552894,1.8617824485142402,222.23799196467633,80.13635300177057,14.468019944174047,3.443449648175869,4.881983589071314,6.078112345417906,5.048985272625619,2.3957971377003835,1.630268553774053
240,Singapore,,2020-03-01,1277.150227906459,280.8473027906996,10.238491358015066,250185.28801333747,53331.523736941395,35.75756789401114,1194.144995425296,369.25398889228484,12.610995955847304,220.95191422733006,47.89985007889874,0.39536862519891536
241,United States,Indiana,2020-03-21,14.37142322026323,7.597318766000876,6.108554974365267,4605.301853918997,1193.5372956956219,104.12743524876583,1.583595665405636,7.523833815190153,10.407857266126898,30.460445276901705,23.457816464174794,15.584156491966917
242,United States,New Mexico,2020-03-25,14.998428794702717,7.042749667205059,5.093329476583521,1110.9207240976234,301.05601001435497,51.45383897603928,8.412692666564894,7.483581205803897,8.493316332541609,28.980866545095683,7.795071699212828,1.800776422991989
243,United States,Oklahoma,2020-03-24,58.57404495689551,15.878845760457699,3.8005078430732713,3703.3011836981505,856.4245313153551,32.7649056595439,16.21032579221706,6.7390838642029145,4.029491531018904,52.24560559908668,14.943888986179465,2.9408998490765303
244,United States,Arkansas,2020-03-21,6.565189355898757,6.705067068276195,6.603717452111201,392.78112740646594,188.49642711346482,98.63772087628462,16.563013172414863,11.201143710812103,10.762290216518334,18.755313412985537,6.160923677716098,2.3606012728353454
245,United States,South Carolina,2020-03-20,20.812140099070096,8.930826536321693,5.935789987467378,2062.4388495269545,585.0300695814145,147.61024574323406,22.145758395710843,16.558716015978522,16.62477862278186,94.43562503121122,29.294669939558307,8.521989721893089
246,United States,Connecticut,2020-03-19,15.626803398680059,10.499100769472673,9.985228980808984,6161.195500657489,1878.6727840377807,517.8594144240408,8.062512381623037,12.992648667506007,17.16500255878567,291.4414796072882,86.32668766585202,30.6307308637015
247,United States,Alabama,2020-03-20,27.29387141287034,14.706579508543363,11.569620175134112,3914.806921046411,1045.4158585243538,112.68900094067591,18.982899148960616,31.884106759872715,41.86370181384594,102.91231453609234,30.81331009698815,4.670581438709512
248,Mozambique,,2020-05-12,28.90828778549061,9.033526371194275,2.688465762188036,373.6389468979332,95.16616330022964,8.242492340847038,5.307612926625032,15.303455866641844,21.296739230245127,0.4903685714041087,0.4371153979408935,0.3789959170913978
249,United States,Nevada,2020-03-20,33.575691167334796,9.904504523480869,2.9294137751177884,2622.0728245307805,634.4185516454351,36.278724864677244,23.88079505278208,10.236839209774793,7.312897422126162,93.9305264159349,23.474891479368097,3.378825065940696
250,Wallis and Futuna,,2021-03-11,1.0741421761616199,1.8747049692724953,2.318096901694057,4.8658640580121375,6.139302629399982,6.871323886407024,,,,1.0720600829416431,0.6335867156599444,0.42702520503854324
251,United States,Colorado,2020-03-14,18.684688554083966,16.60317031249558,18.752012506045908,4117.512272532897,1087.4819105892684,199.0997425261293,48.38622303678453,27.750318397413693,23.44824550254842,570.9502844010761,149.05420675701222,11.907872516888702
252,United States,South Dakota,2020-03-31,177.04725232762982,50.420273114966896,14.933106401064764,9300.577132056826,2220.3577774918044,169.7994658067849,111.22460248594375,43.563878196897754,25.558923099016855,70.15338688341518,17.728195456697684,1.8777961007302775
253,United States,Michigan,2020-03-19,33.1079207279212,9.624024289393782,2.446975144671046,17822.672275479814,4425.673769020117,261.02345056872844,20.359211543829563,11.962929126539631,10.51942933197671,1047.370986338912,275.7612884751166,25.225888806584546
254,United States,Wisconsin,2020-03-18,203.26403227424703,53.62954219928977,13.820653868578523,30682.36090991712,6759.630347235743,153.9542793659209,63.29687508366,24.300102567765183,15.285025155837634,316.9629831705974,73.53586810399358,4.774516534006042
255,United States,New York,2020-03-08,11.958998035355727,25.641457146523983,34.16212130416909,40707.98724241598,14994.674428167995,5307.360122351302,1.3791812871086526,92.0602593780706,148.23355891403278,354.9110485018112,403.15346995185206,341.22620253648495
256,United States,Minnesota,2020-03-20,447.9759385367559,109.99032731841207,17.60395008283564,94140.32531559591,20465.862243689484,142.65227134616597,271.92309892452056,71.08463276275205,14.063041191481329,2438.180270274483,541.6279081432652,6.303940487175171
257,Saint Lucia,,2020-11-05,25.72979394073871,7.587893408118839,1.7931096491705798,104.05295098610176,27.286135523424555,3.375082399715397,14.562497571782556,23.951112781809254,31.947087119066538,0.728124878589128,0.5917036313055974,0.6100872939119653
258,Venezuela,,2020-03-28,62.48337956506086,21.730867092504763,8.970704320929054,892.5969909652184,218.8690315861047,18.080847759861022,18.49576345662447,15.281524216834589,15.624420362320787,2.907914081534373,1.2852234189046372,0.8416308438424295
259,United States,Georgia,2020-03-16,6.060239180664578,6.547762086592332,7.484809591885179,2297.0690990732596,757.6163294881038,228.3718249842189,2.40487277674135,8.55295423857054,11.981435582938552,40.75580375393267,21.474117215287755,14.277010080588683
260,Solomon Islands,,2022-01-21,3.344004103691314,5.003965757789104,5.8343835738243675,348.58561876159825,193.0378239300737,111.06454452088666,11.162776585324995,11.381982683079746,12.774150311213948,14.541259463496855,5.159645602752265,1.7170641753251648
261,United States,Iowa,2020-03-23,4.790690808513911,7.291966184161885,8.437275649767049,807.7566665967752,348.3387471532031,107.22226277987593,21.585226826215205,16.004715154337337,16.246428333490037,103.88086851110467,26.334892688066002,2.2575366854012464
262,Palestine,,2020-03-30,5.936479214595212,18.703551683613387,26.286349717607095,37.36489990350574,63.906533036831604,82.70279631178772,8.49347700426578,19.185970121278277,21.560623093824475,0.424673850213289,0.48428643051446996,0.3964404530620765
263,United States,Mississippi,2020-03-21,55.51636187994791,16.35820581918336,5.679154357362225,7564.161194591658,1738.9676749958414,69.51990800727454,32.13932134425651,21.98929654743165,22.30526136769638,211.80421055708115,50.071427568427666,3.422651637613896
264,United States,Virginia,2020-03-20,85.50333227214563,25.618005530642385,8.803782104307043,31853.985146449006,7284.149294590801,141.226604169709,43.67005982633792,21.002354612079344,16.78677544347273,519.7386941260289,122.13613875645994,6.865581147660451
265,United States,Louisiana,2020-03-15,12.680964300122522,11.73776184401477,13.113271316394211,4444.629716820179,1420.8446582111646,479.99521772961356,0.7602040081115553,10.876369850130864,16.411221572858548,18.422979727410894,20.4826038603025,22.94943508149577
266,United Arab Emirates,,2020-03-18,18.653263624361955,17.141115157914,18.828768500842628,4871.025844975948,1286.5863813749716,137.3493129685926,44.58957226626659,24.872000463999544,23.50953584983734,105.10127545852106,23.709079189948607,1.941121997508709
267,United States,Tennessee,2020-03-19,140.5401826211238,40.96865109884073,14.509340217978748,28140.793414786105,6431.048408540229,306.2386009241936,31.312516763087633,30.926922100189845,36.84532150479167,103.45109626158522,26.86467611788512,5.430988245894325
268,United States,Delaware,2020-03-24,21.612719948758567,12.892715264136775,10.842756021115154,1949.8920540425283,563.1903159597119,87.23762661294042,17.36803434612938,10.320292385650385,8.872122409519726,59.3786013097176,16.23784033666964,2.020060840779037
269,United States,Vermont,2020-03-25,6.73801208161678,4.5300852916697565,3.9314987728540958,65.41439429627047,31.28646782121908,18.89800026372237,10.49013948883903,7.103852594310226,6.526027046665813,5.717473563487151,2.6498203910668674,1.6819614252173738
270,United States,Puerto Rico,2020-03-29,31.276801437178094,11.408432719025912,5.252778765624508,1272.548815721117,336.1495008987023,42.2787281997651,9.573558226292763,8.118997206592406,8.736939733655968,12.945863083732982,5.984568369330442,4.173974257059959
271,Ghana,,2020-03-27,307.4102094217133,81.36959697453972,9.293015899154964,23576.778995528366,5633.2940005898345,77.38378260148275,,,,9.102022914851359,2.744690456820131,0.6035906254446524
272,United States,North Carolina,2020-03-19,12.439390597313514,6.653271594240814,5.845098859649105,2762.9593954074053,695.236409847838,119.40002023922126,26.84604312122014,50.251605343804364,69.25284211686366,201.4380252564465,56.32940893019519,9.939579670505271
273,United States,Wyoming,2020-03-31,20.32631924434205,15.636683215818653,14.019267222344793,185.5446232547477,90.64699703657394,51.78138012792765,40.66247243518823,37.15498565228234,40.91121428293191,6.613740979925387,2.4280707679007714,1.1331349037679417
274,Vanuatu,,2022-03-09,4.207920479853334,10.744452094035507,14.597591272859137,351.87270654133033,232.0636846713671,199.2805785163164,16.588767977257984,19.56817024408808,17.66902497977288,2.3224275168161173,1.338621369499337,0.5021979624014594
275,United States,Pennsylvania,2020-03-17,246.83619308896917,61.40808806949069,10.501199576261753,172062.47030039242,38239.74006980058,710.0220485486304,90.1857439821152,28.499698409351186,13.397590449855004,4472.6180172636505,993.4069308146226,44.97742869531056
276,United States,Alaska,2020-03-28,652.7936855476373,140.3384475197878,2.037751963425878,3515.504611288629,749.8889561066446,4.27432307283866,155.93404939650307,39.95597835603851,9.562832719238221,12.474723951720247,2.9852240785368727,0.43896036783947634
277,United States,Missouri,2020-03-22,64.88751081972605,16.813260068725626,2.054526977388391,8032.022836688918,1912.1585082096826,47.98326263627251,5.061557456327799,6.989472371024186,8.100060511649634,36.235473649206575,14.122316311919619,4.538268343228175
278,Yemen,,2020-05-16,24.821222835777085,10.312271621723875,5.73714758472904,390.1999215774623,115.89372641344603,25.046448960194514,23.030362471704034,10.516807677025703,7.543412546226418,101.47797185618978,28.77365223236055,7.2747506119462795
279,Uzbekistan,,2021-03-28,17.79987965485145,12.596044001184989,12.27237845460339,3299.589853816486,1143.2855797466862,486.29471325473156,7.540650147658787,10.04831895037356,11.488502908933288,4.84398958069907,2.453569728622522,1.4996380102636546
280,United States,Maine,2020-03-23,16.7416922355465,8.184022476803108,6.757036545273591,357.453471060616,101.42645429169018,33.56946018813573,25.738978187513496,19.704927868918514,18.037653452580873,20.25005406360881,7.041525796091938,1.6821777458679108
281,Uruguay,,2020-03-23,16.16734421093052,15.264708952233194,16.001581491794763,125.44053592068218,80.80517806173008,67.60931945600265,4.6900270191257185,18.253658190209386,26.33405211633475,1.0020477194890458,1.4093013609263265,1.5133454117225515
282,United States,North Dakota,2020-03-30,8.04313955920411,4.965797663683603,3.2854837743891974,209.56365945660647,79.3245780235997,15.551500603742374,16.065346771683515,12.327179351824956,11.909524703770986,10.640278555258275,3.391295427256606,0.8674590407693347
283,United States,Idaho,2020-03-25,14.744948769696162,6.053293995915592,3.6037552996936917,409.8146780281747,123.87361369377194,35.23728906216002,3.8844547192248515,10.382014405794303,14.422472900334668,3.156315459805081,1.9820693704952848,1.7323272333049478
284,United States,New Hampshire,2020-03-23,35.6846755801916,15.720388490659959,10.54551622710291,1529.2728637522766,398.327868735984,45.75371396535097,19.610480618154995,18.91077096080272,22.164263120188217,44.164860670533805,11.538410118657284,2.524466863085924
285,Togo,,2020-04-30,9.933673767844207,4.377365389710587,3.284020845122649,65.85128461423876,20.325023803135913,8.59881430480297,6.964171972669727,4.0288090214044185,3.7582555145274124,1.0051307721635574,0.4986965051930353,0.4173714422232448
286,United States,Maryland,2020-03-19,111.84246949559056,33.590975981302904,12.775822708255987,51179.199095974356,11565.927979496697,308.1225979956006,55.03776337895051,23.60240525778664,16.728954292670124,1234.5374165546118,287.85320317412373,12.917065196530723
287,United States,West Virginia,2020-03-28,25.66111483182017,14.976242485889804,12.433277183744199,507.9522463160644,174.69063970254845,68.36144369705674,7.288368081072671,13.966236771170944,18.032293600555576,5.602305599394712,2.6968756794444024,1.4949190074750691
288,Zambia,,2020-05-01,16911.928553878588,3588.859537433772,10.385609540261811,318522.7472242278,67452.31189263433,37.49671235557884,488.9049506312216,111.82538660622903,9.591853018013733,207.67669327763628,44.747314120886514,0.739740295133272
289,Zimbabwe,,2020-05-26,25858.87526888366,5503.123303295953,4.4194051304502935,832110.388796707,176340.5327013399,17.559949157386587,3825.818441596538,817.0554088418347,9.12856172196351,2412.895908983276,511.03362967615146,0.8633188447178091
290,Saint Vincent and the Grenadines,,2020-12-21,13.396133464245322,6.850954431622437,3.3539825015661893,200.05125496304424,74.63458709472422,12.609096924185554,49.09139477018997,31.32379321009427,16.7791858287196,3.1772314645295996,1.12518768088286,0.338155672727784
291,Sierra Leone,,2020-04-29,12.372939372225167,6.45570837172076,4.04607791120607,182.17792154240246,65.14828019938169,17.30237689579364,6.120216447355984,4.391543503522149,4.236691138578566,3.7770339345663455,1.63284270408647,1.0013286940436694
