alpha,days,r_s,r_dth,p_dth,r_dthdecay,k1,k2,jump,t_jump,std_normal,k3,country,domain,last_15_days_mape
1.0,2.0,0.7668132537440322,0.008052045056392565,0.06626810335009409,0.0,0.19982749607001904,302.28276709595957,1.1913013197715632,46.01332317204822,0.7775641506184985,0.005488239932419185,Chile,,47.59228237075925
0.39158237509501215,1.4610675220854654,0.9831968181676636,0.01840619627003326,0.0003914805266793664,1.109068554805404,0.08732372282196621,131.5453435352527,2.1287315860698643,0.7820987560609539,2.0,0.0014578862956587321,Canada,Nunavut,1.9089713488707256
1.0,2.0,0.23098553254638696,0.02545261921492768,0.32,0.0,0.03950522880590382,122.48175695852518,6.2407453642530175,113.92460939594406,1.8714435277836188,0.027619010553521027,Brazil,,265.26570615627867
1.0,2.0,0.676797443258293,0.018514648277353718,0.32,0.0,0.07721991084966641,335.1312400029893,1.2105722838103752,98.49813224636335,0.4282912392264677,0.012214627174275655,Canada,Quebec,96.28862971615209
0.7346763135265351,2.0,1.0,0.008952468952109882,0.0305887154129624,0.0,0.2,127.68315510209683,2.1083495063318747,50.282539620831926,0.45053242128004767,0.021825622632522034,Australia,New South Wales,142.99857089929412
0.0,1.1305343416829108,0.7516237273812294,0.001880181252321922,0.0,0.8664248964885246,0.2,0.04032198320786664,1.6271124815519045,45.01219765512616,0.8987061461079122,0.739183605371692,Canada,New Brunswick,26.216376962774646
0.6437677801023833,1.3532731538143252,1.0,0.14878056606894827,0.27382855324754607,3.653055157544148,0.2,100.0464906431877,6.735834457284705,41.98194333192555,0.015902556318407868,0.009650402293567392,Chad,,185.85369923108723
1.0,2.0,0.660517619218569,0.0017365681480454587,0.26537353337311254,0.0,0.026718143019769342,412.66676719957803,1.7239346790354357,132.41136559670406,1.9215912943227407,0.0022264874866733896,Colombia,,35.51501246507701
0.8987314819846927,1.9999967262269764,1.0,0.0,0.0,3.565684214234352,0.116569200972055,158.80688453858502,7.595013476803915,78.72173126786947,0.018624928314238787,0.00025062984100678227,Bhutan,,4.151370761089297
0.5632228799688628,1.4246132997874676,1.0,0.010583797274750895,0.15057115507030264,0.0,0.2,447.99585196447765,3.6655168595260275,116.32932523965655,0.7721991160909738,0.005996161741727388,Canada,British Columbia,15.397198051095751
0.4918126511635531,1.3273392014668886,1.0,0.0876288535542985,0.11223979605582192,3.061033377159299,0.13899168156787958,446.99445140800003,5.998866222410958,23.420910900714798,0.7678949284038517,0.0007761404626476088,Congo,,58.289402161740234
0.252394120767941,0.9797320941995507,1.0,0.01692455000166926,0.07602255915114231,0.8722045482399187,0.021501422338765123,452.6419965634109,8.199364894703978,6.592923528665081,2.0,0.0024288061612175687,Azerbaijan,,80.76873267762612
0.3392095138924465,0.0,1.0,0.2756303942542815,0.04324273598959077,4.413033824600425,0.2,132.43428844592842,8.195553089907104,32.59122052086794,0.6108239747004882,0.006898446830944531,Canada,Saskatchewan,29.547612687902426
0.813491270434893,2.0,1.0,0.14274035165753196,0.04236708712649293,4.493510678060663,0.19429483154045507,81.21075595930054,4.619624289619752,151.19797039657027,0.5552331812138505,0.001566566818222426,Benin,,70.69900819253616
0.53653060354802,1.3438839094919919,0.4562586296478104,0.015266765200554033,9.764711675330773e-05,4.06076715260652,0.04162605488121395,141.6788805362648,4.1360403347375705,160.71935559335907,1.9767087043959486,0.000886440647387285,Cayman Islands,,50.43817562643865
1.0,2.0,0.6344578933263152,0.000615669101534877,0.23527551186129453,0.7624510856840158,0.08940165686727568,401.2207591338963,7.4518431337973485,193.87419412231247,0.21696927314042114,0.04311149649705193,China,,543.6108772175759
0.42166836631461174,0.5517341108259173,1.0,0.19530645262074034,0.10261738043522625,4.5,0.14547125157628,204.09324135101625,1.611097905138454,152.30561851548072,0.1253695470819025,0.0023887198609688063,Comoros,,12.27454826639962
0.019465911196677364,0.0,1.0,0.22958366256066656,0.014861847860658346,4.5,0.2,0.1065550537733081,8.22,1.2094758718145375,1.7350237229184218,1.0,Brunei,,1.1296819233506308
0.13233892700108696,0.0,1.0,0.002271126750865049,0.00019369591548940024,3.5886912691639736,0.1580700332541831,0.0,8.22,5.829732761393435,2.0,0.20899113670338068,Canada,Prince Edward Island,25.648389477265006
0.6020800433106624,1.301464442113534,1.0,0.009976064710133459,0.000356122682468929,3.298819065676569,0.2,0.0,5.531557249258671,34.79149700192621,1.7968073700200968,0.04852990274355625,Australia,Northern Territory,14.59051692872621
0.5193431681902508,0.0467562663815424,0.0,0.005520074691593546,0.0009333502441312702,1.0467237613394138,0.13710348773897377,75.49392974311452,2.3611701889125256,32.88125413349735,1.7157981446925046,0.00045734274569039866,Antigua and Barbuda,,499.9372139191146
1.0,0.02857255027875416,0.0,0.011516609046019699,0.1369874400135122,0.0,0.08811037158776318,186.56169402765505,7.5936316165276025,72.93401122984892,0.3048594133201368,0.015312883853484378,Canada,,6439.056594296194
0.0,0.0,1.0,1.0,0.0,4.5,0.0,0.0,1.5475621719029142,168.35133105516434,1.6302146147936583,0.0,Anguilla,,3.9910986906795025
0.527535330750458,1.4321286194931857,1.0,0.010638229573312286,0.0008737115169537013,0.03632772757481195,0.11345490273079167,453.52627036262686,5.097301809950128,22.673526041222146,1.000058983752627,0.0005024309307838047,Burundi,,4.489687113645837
0.23447684822975712,0.0,1.0,0.06076381145382777,0.047896228125392105,0.5193901027760387,0.2,13.647532541399503,8.191001239597108,27.888953811592927,1.5034854994180342,0.06852698756981367,Canada,Manitoba,17.341684350883053
0.6162458767995261,0.7251630054554293,1.0,0.012706413180533893,0.014146346560741563,0.0,0.2,46.1355116802558,2.4223844011332876,144.06166384738503,0.21328420441879192,0.01768178726529815,Costa Rica,,24.168104223443716
0.7605851136908468,0.9129465328856685,1.0,0.108854568444008,0.1148626357401811,1.3992363321745618,0.2,211.56020046733371,0.6959309638638143,41.782098470918754,0.16438025091880437,0.004268066240722708,Bosnia and Herzegovina,,4.845361059394686
0.39197187208262296,0.7051400875923536,1.0,0.01935536367419144,0.051626998042287806,0.4494868523564998,0.19979192895152795,453.9994595545812,7.285897378381099,151.04454603403155,1.4358707104838642,0.0028387478807306655,Australia,Western Australia,15.240532042663544
0.0,0.7357893347805655,0.6276841879098356,0.461292339538984,0.32,0.0,0.0,5.363190920083726,2.6450153098357854,65.99830138627408,1.9479627181877515,0.007416247089948403,Aruba,,8.433641242050978
0.7846557015622602,1.9999914715704405,1.0,0.00643921795004565,0.13873498809156856,0.0,0.1260811534946933,245.79805484633945,7.758273878104799,48.815501074131475,1.2372739782166167,0.005178367702972943,Canada,Alberta,137.69046274887978
0.8009059475469953,2.0,1.0,0.01077398861697132,0.24905075189279682,0.8045274804337845,0.2,53.267746019129305,1.3908731122222928,166.95031645876975,1.6791247141547154,0.015881870161443542,Cuba,,24.933695811146382
1.0,0.3886246678471972,0.0,0.04713376330166269,0.32,0.0,0.19995011767325313,83.25566506409817,2.8036736228352037,38.240578689822314,0.023092840519852942,0.028375667027282888,Belgium,,3450.6780526429657
0.37271259242658017,0.9081063055370452,1.0,0.9980855335193523,0.0006634049003925169,1.1410575240201295,0.2,7.289608173931765,0.22039898796686863,99.08668571942792,1.286777017870918,0.0021366032467628675,Bahamas,,91.19693506351612
0.0266306987527155,0.4953070145373255,1.0,0.017422883925903854,0.0008816985083929807,1.7486305551932322,0.1994194565430154,1.4952640383623477e-06,8.22,6.567966336360371,1.999999875588617,0.825500180896679,Cambodia,,2.92740896155986
0.9940211910057339,0.13342277508891764,0.005980990023523272,0.002427188384661383,0.0008356591099804578,3.964019815225045,0.005574077576428268,8.524671886913282,0.02300057387134425,19.75426515364,0.7581244927696389,0.000933949037813199,Barbados,,13546.008642779754
0.9256214137548181,0.197327980872903,0.494598202607991,0.006956616789461467,0.17000324134986797,0.0,0.1840438888825486,185.33782101009692,3.5811620518001783,13.189891960492764,1.5095129242659884,0.0023138166643827556,Canada,Ontario,138.8991415446392
0.7335606944605103,1.7396873350285242,1.0,0.08992381275222285,0.32,0.23896797107488188,0.1390277786644316,336.81586124219876,4.266977147496302,48.64662605033652,1.5366667552471216,0.004978589732322719,Algeria,,8.986364749193152
0.7014345564984918,1.8246585591632856,1.0,0.05600544427268003,0.16668555306497254,0.9410951780282353,0.2,303.2868071665816,7.302892015980538,162.15213158543656,1.555461589115069,0.0012221097823063045,Bulgaria,,52.807861091022005
0.4000578004253106,0.7542226354208597,1.0,0.07451679176989576,0.010916604517053277,1.0492050037084821,0.2,36.38077506856339,0.053662239182406424,84.67503390849208,0.4207260696741635,0.0575928524659734,Australia,Queensland,24.33867213445928
0.704821439647923,1.9997363617173378,0.5291027909202214,0.019116094292420893,0.31028283835308584,0.0,0.004632444568180061,453.58091462794255,4.198209631475006,123.42264349283778,0.8781558456284229,0.0004916265399318033,Angola,,53.338214363065305
0.3234269162288882,0.4613902514248259,1.0,0.046104698749257295,0.1442820390949279,0.0,0.15791675647545583,90.9440647836639,0.27379459125897654,89.27618448294271,1.70398029618039,0.005528097225819105,Australia,Tasmania,14.399926802500346
0.3048034981971791,0.009652016972599983,1.0,0.013585004520337174,0.052276298424088576,0.0,0.2,453.9975479969578,3.6803224232884215,92.25541604659912,1.0731597170233727,0.0024957929871808294,Australia,South Australia,20.203722340256533
0.8887788643341653,0.31852000431074123,1.0,0.07425508978300675,0.12051876702176478,1.3362005325621356,0.2,46.439313203547854,4.273047903312154,28.953692150249267,0.7022659421974735,0.018079268754321434,Afghanistan,,58.92329901464598
0.3685727804472022,1.97536758143665,1.0,0.019819541964794185,0.0006125355792922504,2.4617198522960786,0.10512229266900674,66.66598477252069,6.602574893130811,13.889625379309885,0.6151578849839168,0.0010277747973271407,British Virgin Islands,,5.652891957864211
0.4702709106975812,1.6714048759664115,1.0,0.0014273002828859571,7.63996809885481e-05,3.258455056095446,0.2,9.708279136966153e-06,5.755381853010428,24.345782860246217,0.2849148685774816,0.20074468495914213,Dominica,,12.50037796378625
0.5982075330395723,1.0670228777961652,0.005483019646738624,0.010983292963697044,0.014664279524099275,0.0001694437549093542,0.1055048078208231,424.685257434881,8.010442332240478,1.6147634944534424,1.9734735408574067,8.589203532915835e-05,Central African Republic,,513.0448522972868
0.0,0.7599736695937018,0.052590028699328606,0.2704661655730426,0.32,0.0,0.0003715995639510639,280.7717166258172,5.108605588168688,181.19089404904605,1.349714461785493,0.0001628793026144389,Australia,Australian Capital Territory,0.4984276129671968
1.0,2.0,0.46195331156839975,0.017137697245199757,0.13230798377323666,0.0,0.10626182753615465,194.1530884493808,8.075707381605069,99.50037411303754,1.0425984190183497,0.011099164915887279,Austria,,1085.8590865050314
0.3642789375309127,0.0003249434185726823,1.0,0.01635331162107656,0.03506713436052563,0.0,0.19986618769947295,12.892043150789437,8.22,9.253899621711014,2.0,0.19844262759190767,Australia,,22.25835296898972
0.6601198040046337,1.8856686535069582,1.0,0.00021073337438792805,0.0007042767404850658,1.8063154979340936,0.2,0.2966478460101329,8.185700621831169,32.79901235773584,1.507184543091644,1.0,Curacao,,148.6735149293508
0.4303569692771558,0.0,1.0,0.00047709836220799495,0.08693893984729104,0.4731418311997552,0.026289587299012693,380.1706987832533,8.22,5.752202586474979,0.3824488327655473,0.0018697262693607734,Armenia,,87.68153378075671
0.8551335496047758,2.0,1.0,0.031405260524030254,0.31999940380486785,0.6460983395260588,0.2,139.23737789097294,4.465538748440016,186.2135354136094,1.0974407513470128,0.014213660544964958,Argentina,,70.83452957357646
0.8029995684179114,2.0,1.0,0.013446219313288932,0.0009992377183181134,2.792196468740709,0.2,0.37912068441202257,0.7496452086910104,135.42526094471663,0.840160861857691,1.0,French Polynesia,,77.0961931238471
0.46086960077035444,1.9457716005698966,1.0,1.0,0.020283538327062617,1.957188585745982,0.1958605383278966,136.6299200539241,2.5726574024518527,7.251834994859104,2.0,0.0026021035332864555,Canada,Yukon,7.884895343077083
0.2847158728990465,1.4519529185248299,1.0,0.015945858250746126,0.2521802858508792,0.0,0.2,303.91944649124866,4.774904804386953,11.536048588820261,2.0,0.003114184891413308,Burkina Faso,,17.910443060068495
0.7299430326382454,1.8208061950282635,1.0,1.0,0.29192767029711775,0.35518307657590964,0.2,7.058986175399557,7.019255457492632,109.52902088433552,1.1905703986746938,0.0025821109494425735,Bermuda,,4.136953004477832
0.8397248104617104,2.0,1.0,0.019502643478795934,0.05006180311538165,0.14456457930137712,0.2,0.4455910313682692,7.520772350601938,62.530062986378084,1.497355850801195,1.0,Cote d'Ivoire,,72.92201743075302
0.6743874932611231,1.2609411605147327,1.0,0.010379835696244344,0.07859135384019476,0.0,0.2,321.53033637975705,5.016449610302873,173.48919000209804,0.9061598982090917,0.006498720168865365,Croatia,,36.006229341268586
0.5366330191550258,0.898147956174745,0.01739086706478389,0.014696157994723569,0.0007622162475708905,3.27044415901376,0.01762476954749789,98.50201727238262,3.8427441216772915,8.109394230247515,1.9982634459248636,0.001885012054439343,Ghana,,49.67904569811641
0.45251208204448445,2.0,1.0,0.00761457056258541,0.0,3.6327874106289304,0.2,0.15740801508959823,4.070872963620589,39.00149204049424,1.9162382622712553,1.0,Eritrea,,25.219391626223555
0.624822885863519,0.23048202540878968,1.0,0.01575894887549989,0.00015397795199589837,2.966505295047213,0.05213175461476409,68.64897139235092,2.6601243613446766,20.114285659304507,0.4602502156670587,0.006843108569233112,Botswana,,48.28128119348934
0.21042017318728257,0.0003640381835204529,1.0,0.017590782858937892,0.06769816099804285,0.9487153253666699,0.10729612174105593,451.6938157183773,8.22,3.9965783965501576,2.0,0.0021001060927946964,Australia,Victoria,8.66304857239835
0.5477517281222696,0.36653022909205646,0.0,1.0,0.04247067188164046,4.5,0.2,8.943977405181093,5.3568661829601725,6.032550778745656,2.0,0.08495632097696178,Belarus,,237.94670927065744
0.6257131363918376,2.0,1.0,0.15001438853859397,0.043720967948161625,4.49993909613159,0.2,0.7445582926238669,0.10563710865165632,156.62383657575236,1.485623928306509,1.0,Cyprus,,32.704417481855565
0.27490595136999996,0.0,1.0,1.0,0.32,0.0,0.002162141095374995,23.52863383040267,8.22,16.275049791382052,1.394450493596853,0.0035228775374170846,Guadeloupe,,14.413293584271674
0.7533209805205878,0.7752989096147218,1.0,0.018116115298731916,0.18857973074236747,0.0,0.089459549619528,225.00150758674386,2.222287318939698,27.29141937322953,1.814111088987992,0.005128040178251073,Cameroon,,25.868333930922333
0.9997923548135074,1.9318414133243909,1.0,0.1574732582006002,0.12878221834900966,4.5,0.04732151990066565,289.49764628954733,8.22,30.844338479015313,1.4676633687554774,0.013508981115622218,Bangladesh,,702.6700200704898
1.0,2.0,0.8704983155051594,0.03762806805410908,0.32,0.0,0.025236048227038795,114.67480271020487,0.9924131154543332,88.63148978602521,1.7471282004887994,0.006117822056444343,Hungary,,88.56697758981015
0.8411156150133082,1.2899980166401406,0.0,0.007725731863681418,0.000947862809096145,3.0173915884370217,0.0023490223078139034,1.0501400606470865,5.964707572414754,29.363512141152416,0.23184580189944848,0.03267292216594194,French Guiana,,582.0146428824928
0.7841558820222542,0.0,1.0,0.010755493471353406,0.11827438368034025,0.0,0.03131178549582133,372.4220021371106,8.22,8.234102727048759,0.5245265820465637,0.0016970448383834854,Czechia,,29.610212725018776
0.896469558323751,1.317198592994548,0.0,0.019646992262026375,0.08721254265830032,4.5,0.008714950989803627,0.23436871426224454,8.13588844954653,33.54844785033022,1.5741466386921492,1.0,Gabon,,7198.181049208337
0.5642439974118734,0.9021883698191221,1.0,0.1504453220193901,0.15622965757426607,3.2569755145029267,0.19666279296818484,67.8738077300876,5.850420780859316,27.909287117659733,0.25765612072390365,0.013059626742794438,Albania,,23.39764010284932
0.45297184509021954,0.6381845526652505,1.0,0.745908228504564,0.004479282806510032,4.5,0.2,144.66574883087577,1.4751947791517566,115.68939916669041,0.8212566255283336,0.017483584244294723,Djibouti,,65.83807822068206
0.9983655089847101,0.5529544854330719,1.0,0.16584736460603888,0.03490281770833385,1.6173450756152212,0.05793163613706276,169.79936545598085,6.812289502570723,189.36462567888952,1.8815378202490374,0.0037150914969142196,Kazakhstan,,58.347998439613235
0.7612869420892442,2.0,1.0,0.01804890201071875,0.0,0.9590418809239054,0.2,0.07653131586174325,1.4627129808748904,36.259040377744896,0.21128016710281372,1.0,Greenland,,6.4459350206964565
0.6857644982849171,1.5255584547548158,1.0,0.01695296595063045,0.07496479870919913,0.46467981446351136,0.1136780931401809,257.792510954135,8.219709385293815,29.5076508410332,1.615880660024025,0.004139703978571947,Belize,,495.44735625367304
1.0,0.36120994492623026,0.0,0.018380309936574024,0.0007770675915353964,0.12719817101534137,0.1219539913370492,375.24223722245694,2.27074120898525,22.36390375904167,1.0281837616255547,0.0018217789984243948,Cook Islands,,38.75157990175762
1.0,2.0,0.9943105736686968,0.00031095881717502216,0.00039425439481627356,2.269130244139351,0.2,0.5842320447526643,4.527756304404571,41.455812143323726,1.465678264384529,1.0,Gambia,,1022.1343843213598
0.8842941848933251,1.575482671415964,1.0,0.012980682305085534,0.04921265224647026,0.0,0.18541439553064354,71.17687320357982,4.323119524802203,8.97950553400002,2.0,0.006710894796138547,Israel,,72.81599574120801
0.7430531898198338,0.86921958685486,0.0,0.04605483227113921,0.28819461979614674,0.37699811581359643,0.11328611567776067,55.0440506433202,7.965304529223969,33.064432717582115,1.3921778022637765,0.014645142238822052,Egypt,,11028.130357209056
0.7076731413850523,2.0,1.0,0.0824570342821287,0.037498616122281135,1.0645373244734302,0.2,361.8716595279748,6.872585885180046,178.9107461509201,1.5459077690972904,0.010636930177747653,Estonia,,98.01237273012498
0.24192255022019207,2.0178712587487764e-05,1.0,0.0025215678675589714,0.0005612206460730018,3.4264457540170863,0.2,171.02161242309327,0.2845605857616391,134.87647309937802,0.02433861005746607,0.002353171815883208,Faroe Islands,,12.79455965337676
0.08959967759581058,0.0,1.0,0.08713777438266068,0.2116716659074817,4.5,0.2,3.6158143129205262,8.22,1.578491295944886,2.0,0.13352464149422094,Guernsey,,8.065686824941212
0.5145424955182567,0.39086267434733524,1.0,0.0006542390442201285,0.006553847786526236,0.0,0.2,72.87701942494972,7.488328022065101,54.558913786655125,0.17467899571160572,0.030484465270211883,Laos,,10.744231544382503
0.7378465282714183,2.0,1.0,0.031857228108377204,0.23448127762664725,0.8366827740116908,0.2,104.5846076607739,7.939731462703973,160.7250683708637,0.6251987300282238,0.026327973147966095,Finland,,2.8814667876144484
0.7173119247902116,1.7390918258340662,0.0,0.0039311698608821555,0.0824087476811459,0.0,0.2,1.0087032182699796,4.108961242682345,30.38645376491871,1.707923315454013,0.27371701307081736,El Salvador,,4550.188655008981
0.7269068610734661,1.8935350103931627,1.0,0.01588552192716941,0.02081643318353595,0.0,0.06413776585062371,114.8254864564468,6.172127342285629,43.494234388054394,1.3255699239565968,0.0077726606636872985,Iceland,,446.72222548298663
0.5285770072408034,0.03591393069310023,0.0,0.012585942968739161,0.13678215135023117,0.3536335831873731,0.0024712326458166266,1.977747359299168,8.09112338046599,31.812739102341038,0.7226648733941801,0.3916179438532687,Lesotho,,2532.197706172188
0.49397246389844063,0.006908270403374321,1.0,0.03984490677013765,0.1910991260369666,0.0,0.2,0.869880240060858,6.477019729081694,26.793781222350983,1.2210596492615378,1.0,Honduras,,82.10137451986085
0.9350334378213593,0.9825987138454837,0.9371461544396568,0.14784588891647807,0.12995243636064613,0.9292591111482285,0.07398014847131112,54.019226495359156,5.236693144268642,29.7030444866241,1.2203275000648937,0.018278044604291072,Dominican Republic,,322.70663046999505
0.8141501159770785,1.999952293207501,1.0,0.14897404926621788,0.08165647159682556,2.012331164393396,0.2,108.90576679278024,6.506115836622834,106.02462378622528,1.025022847520825,0.004064573363019221,Guatemala,,89.45613302072688
1.0,1.5229031632004637,0.0,0.05433267848227818,0.32,0.0,0.19069792721432302,330.2972017447686,4.259976109011456,39.73979795541092,0.6203528960499369,0.021037113819185962,Italy,,4605.500883230284
0.5318437317282505,1.2438027794292028,1.0,0.06205118742249179,0.13904293457083547,1.0047288089179491,0.2,118.3490569737209,8.219037626292845,31.157251238121404,0.5867469120661029,0.008082209406384731,Andorra,,144.40962005630712
0.5096014764745204,0.6411479122039249,1.0,0.03262747297131255,0.32,0.0,0.2,78.05505915989491,3.5193101396712443,49.3866066634655,0.5583733492530882,0.005747139713059334,Isle of Man,,39.801807268667304
0.3981178578534412,1.9999364679990226,1.0,0.015627615737080866,0.07306509536381059,4.5,0.19999220939219556,0.40246644634472956,2.338739632895747,10.107154530154173,1.9962868758715624,1.0,Georgia,,29.515564041841717
0.2258410158499258,0.0,1.0,0.008004217035733951,0.018247419142581364,0.0,0.2,0.6427190726945965,8.22,4.262860939814996,2.0,0.5630103324843018,Guinea-Bissau,,29.081175570923534
0.793741797199549,1.9937118455713967,1.0,0.03330980824437697,0.21813321700626936,0.630451702777085,0.2,158.98913087231514,8.208332966127761,147.99973616593888,1.3845608626412433,0.0021939423365236895,Greece,,42.24498111290122
0.9481198692446047,1.6800539947334905,1.0,0.14397506189633938,0.27857274398311727,3.2667878139865762,0.1893109906445468,92.1359557688934,3.648196604539356,83.57367760973045,0.7811746434352269,0.007130908949394817,Iraq,,47.78339558494532
0.8202210279451377,1.8488951629846861,1.0,0.001794205654925829,0.1282276342981642,0.0,0.01721531468319544,452.31186651515446,5.042336156699487,4.343715402420284,1.7777152816699942,7.764571684704569e-05,Canada,Nova Scotia,76.82383448705949
0.7826503407960345,0.3479000702339298,1.0,0.10810901446496231,0.08839906059475892,1.3213083551008902,0.2,54.62741487840236,2.3637859619004455,185.75975748841984,1.4815390447773855,0.004383537469154396,Kenya,,84.82219397307875
1.0,0.31393505120349463,0.0,0.6759555213545327,0.03597956392833612,0.0,0.12087384937993503,429.68891954946537,3.958914261063086,68.391424213785,1.343239178004965,0.0027501129929337754,India,,25309.298949208533
0.3870650966048994,0.0,1.0,0.3988751385180605,0.25694520424752115,1.3379101464634997,0.15157854267310256,398.94430838683905,8.22,3.0146760838066715,1.9534169231615452,0.6259699496684804,France,,59.653523833319674
0.7704869212559078,1.426385771863747,1.0,0.12361762673972784,0.03358619285530807,3.0255193196044856,0.10860495267225717,453.5616080479763,2.9525453110445445,28.218080135250876,1.4264033999828463,0.0010924795379645027,Bahrain,,61.80866994600418
0.9691779235482824,2.0,1.0,0.029737991666386004,0.32,0.0,0.2,454.0,0.09394042027938276,107.02994592524516,1.7071185544607115,0.02360405443940817,Iran,,31.328082108639084
1.0,2.0,0.5412071990745625,0.024621368246650597,0.32,0.0,0.1875225727223979,427.810237892332,1.132592590322739,40.56212552577068,0.043985023375995524,0.004340502835671285,Ireland,,410.77211455589423
0.7213458856102679,0.34411903371688657,1.0,0.0999751633774467,0.02513351786669625,1.4514202988181406,0.2,85.83405453187781,8.219873948459087,30.04217715577413,1.7359432756664344,0.007307365366956519,Equatorial Guinea,,542.232149892663
1.0,2.0,0.8110717990531426,0.01415213564944584,0.07848517093900544,0.0,0.16392744083020533,31.513432375342227,2.6511358540288885,172.3982653037383,0.5767545924372826,0.0036582190815540997,Malta,,177.01532740669253
0.13895665129625723,0.025692666868177838,1.0,7.132338525783766e-05,0.0003095052277796717,0.4136587903898947,0.2,0.016116443103308776,8.22,18.92187999037251,1.2364022454057026,1.0,Gibraltar,,13.250177150302875
0.4885993911413928,2.0,1.0,0.0019601129461079836,0.0,1.6601083633233107,0.19551975163941623,0.0,3.042165461721668,207.4429199397564,1.627214614114564,0.9020834056019986,Mongolia,,18.764744872541144
1.0,1.9992399328802082,0.10853228465532688,0.10553928412455403,0.0004015388525711594,1.1376093161182679,0.059622786379366306,196.75658546723196,0.9857347860164889,19.235794167062302,1.9356154530926166,0.0024339238952107304,American Samoa,,39.2561147546227
0.9857989330931719,2.0,1.0,0.010399084776174572,0.21705555523043307,0.0,0.19993658816548637,74.07811195653564,1.811373351951234,161.0955057500695,1.5334229091979417,0.005157989572063299,Japan,,80.68007011662928
0.36815127901405786,0.8106386253461714,1.0,0.003946178513692056,0.0007150437392620113,2.0624104821372367,0.2,0.08417017478743531,7.45162864156374,104.09234786425588,1.8693509450809391,1.0,Montserrat,,3.6770072270688416
0.527648908763933,2.0,1.0,0.09763898337107471,0.14281420251972138,4.5,0.2,0.18955279830905272,8.219931773081607,31.41736237521382,0.3023386942106252,1.0,Liberia,,27.868086780279544
0.5027858983908015,1.339258704601542,1.0,0.09462731812882316,0.022452546543791484,1.2703650622745137,0.06617815590711988,115.40208770498074,4.131114571569823,133.9841068425111,0.4263066733878831,0.008979502960269496,Jamaica,,2.687174132228789
0.38273060938998943,0.12978522532400405,1.0,0.14295512580037828,0.05159103136880068,2.31748096875185,0.2,86.68772074651739,7.779840832412495,100.55538026925092,0.6924871461675117,0.011413473986899542,Jordan,,32.69066153477389
0.9669303748781639,1.6658730800239407,1.0,1.0,0.11902694037897311,0.3948133485193922,0.1552889413318506,49.64926845039794,1.2209425104841247,25.304146157359305,0.7813772400496797,0.030037450639405907,Indonesia,,37.316011159870186
0.5350744019968321,0.09252835237370485,1.0,0.4150237528422873,0.025320298890191367,4.5,0.028099199221434102,418.40423943405403,1.599649973566702,23.24301095379446,1.6756740387410072,0.000772070941747956,Eswatini,,74.06694969187394
0.4954835768064045,0.15113763300356364,1.0,0.031163223829696402,0.32,0.0,0.17285002084171644,147.34522087637117,3.4266788053527915,188.32055787422195,1.4348557385573422,0.002698690441539149,Jersey,,13.319569123998349
0.8623950788067739,2.0,1.0,0.019124993757222434,0.09102976589020537,0.0,0.2,454.0,3.0522659696145578,40.62168800830841,1.2400015406310558,0.004444650099746565,Malaysia,,201.91584794578853
0.9996697809255791,1.99940765180883,1.0,0.026251558096127503,0.31995860535429277,0.5447336258316055,0.11097342182987223,190.8493595519115,0.549733877853233,24.899577486625937,1.9795542486467521,0.013967468174284448,Ecuador,,10.27027787187278
0.587136800699478,2.0,1.0,0.00977318585262621,0.22684077769918237,0.0,0.03829633951646975,449.43354659054995,6.780300469869962,112.42627784728535,0.5669958021280763,0.00024179720469596613,Guyana,,51.336898460146706
0.7041761071217647,1.9913647232727973,1.0,0.006154329114566259,0.0832403356149487,0.0,0.18987183967059668,233.61160400961967,0.8065265065747427,32.2692980796953,1.9489193049597069,0.002628651679836141,Libya,,79.69495445121174
0.5906183294078919,1.4118719661470323,0.0,1.0,0.022504145698463287,1.5518917672507702,7.875584789335733e-08,0.530238928252504,6.021585182225024,30.746534733774084,2.0,0.5746895120757748,Mayotte,,1363.7389368947356
0.8187872708989365,1.127413773239014,1.0,0.1277597091252173,0.09274675490790892,2.5965177646561486,0.16345250537573294,19.593860311146308,5.543723602476807,27.454130097857227,0.5218881147255869,0.0044095425041790525,Fiji,,91.19416425078346
0.9999999912234045,0.39730409006847944,0.37026682446688913,0.0017214889732688476,0.22591104305793888,0.0,0.08356045466811977,408.41601484350826,2.6382111343317165,13.44227677690517,2.0,0.0032930571169088926,Germany,,667.38480147505
0.6238362271862808,0.0,1.0,0.2778622070646168,0.08588953042319829,4.248200060766612,0.0030024305625559957,6.776494853305841,8.22,16.768108101793835,0.2557693166797246,0.015832139262722308,Ethiopia,,91.92633921305564
0.8814211011297908,1.4868414254376092,0.27689223792419393,0.35476955054520715,0.036799236191895866,4.687575070069012e-05,0.025498030720252002,298.5098489671217,2.035617593816239,49.62262841920034,0.10115048702870766,7.054288893565965e-05,Madagascar,,82.45920743958062
0.7468649303456428,0.522629545115944,1.0,0.0630793615242182,0.02535681386802919,1.6665500607924637,0.2,149.54768738524407,0.5671698246483654,200.85800220159098,0.5507641698837578,0.0038985111441421976,Kyrgyzstan,,10.726891749774122
0.27848770987492977,1.1780138462781906,0.0,0.05430422638474727,0.012735514982115363,2.0763238046655177,0.2,0.16223553921996686,4.943794691600628,56.14526651613414,1.997988521703519,0.9999935192981423,Myanmar,,2.715537283034998
0.4512480397857648,1.8185330504394064,1.0,0.008672210650019219,1.059187058544131e-05,1.6742166523860629,0.2,0.05339988944797229,6.448289041829012,31.528141928739604,1.588960177467503,1.0,Monaco,,8.65877006126451
0.3526760392396903,0.0,1.0,0.01953634215715283,0.06955464075966492,0.0,0.19991045340057442,56.303019960892904,8.22,4.3766913304980575,2.0,0.002098894060800934,Latvia,,20.85191649879256
0.8741461124958984,1.7596630600139984,1.0,0.1374032230245152,0.10421159697548416,2.5784449401363707,0.16269203812531122,108.09805605474696,0.6383950328177459,138.9254270126142,1.4775183296987962,0.0037016332879278714,Kosovo,,17.210152892955374
1.0,2.0,0.9422918537358392,0.0043792256598322865,0.13774218327601312,0.7418536549174477,0.05127150353567776,83.37618249861355,4.2464555004647355,142.36993200712755,0.28632979256641233,0.014482388734933184,Pakistan,,76.1260788486021
0.9979393419397392,0.5371023199529672,1.0,0.06804967732949863,0.10812950248697187,1.3596642644171757,0.2,117.95461100513127,5.201686801679964,204.38818433799213,0.43069822757377274,0.014349770578076938,Panama,,26.77166585840272
0.6003828463061632,1.3045955143080492,1.0,0.12213469558057305,0.010240945334811374,1.9804764232486984,0.11440690817212817,381.0033631735216,0.14330566319782534,119.39379128007124,0.27373686880671855,0.004212469013426846,Maldives,,30.043354452394432
0.1570867173623341,0.0,1.0,0.0,0.0,3.959042005254787,0.2,0.3232157480094381,8.22,19.315280908188328,2.0,0.13868621498884778,Liechtenstein,,86.28817551370734
0.9977407059824153,1.1991058052054158,0.4293331429061742,0.3541113486947189,0.045251862075989926,1.386967074398425,0.02300954677688846,110.83310975014908,1.350589433572586,28.551137017302953,1.0896990743249926,0.006471744837150138,Haiti,,966.7883602283954
0.2205178646435341,0.0,1.0,0.24068025641889443,0.033770103411866204,0.1771115362001683,0.2,48.66204250521005,8.22,3.2574220596803465,2.0,0.004930337206071793,Luxembourg,,6.492044315491269
0.3560926934293207,0.09356659470643525,1.0,0.07874846573545881,0.06457302740150693,1.068740974310074,0.0677233642514006,86.14271988793814,1.3327372255906933,22.55953089655341,0.7941198138922241,0.0015124725399521895,Grenada,,3.0385651120885244
0.4990935990851785,0.584613350025577,1.0,0.004867823274804506,0.1857106723159842,1.112625365871188,0.2,89.63055489248136,0.5933599030744274,36.35105121641476,1.9483124524773974,0.013659272606174465,Lebanon,,28.327231131285558
1.0,1.7845271304249763,0.0,0.03310695728896815,0.32,0.0,0.049281311262409214,453.9999684128558,0.2173225252093811,199.43389511108398,0.42129676043987274,0.001684053703761697,Mexico,,5725.853448160598
0.5788516872141093,0.9278354212786999,1.0,0.0031752366660855458,0.09210614108213662,0.0,0.08476908178090109,203.1193048800551,8.219227837512854,34.51052563680905,1.8370019927657932,0.00853778121262088,Lithuania,,739.1820182676138
0.1630038944612239,0.00037183566151176886,1.0,0.21484419725676296,0.0775952224584306,3.47116241177326,0.1782099979235847,374.16957366690326,8.22,19.955891192687737,2.0,0.0005219026756067317,Guam,,27.069210495824304
0.6715199474794996,1.5373401020388977,1.0,1.0,0.32,0.0,0.1608070867732659,311.7499877074291,7.972479813870974,83.16564431392158,0.9552475372952203,0.0019453198355868834,Democratic Republic of Congo,,80.90332164689517
0.0,0.6665799661557579,0.8963262823826909,0.0,0.0,1.88040086048392,0.2,0.25692238990230093,2.0769543467095914,131.61863824925535,1.0286686033941805,0.33186428325885375,New Caledonia,,4.630252730383215
0.296724711556158,0.0,1.0,0.014056688552955166,0.0,2.5992837734520435,0.2,453.9899355167409,4.581041288925235,126.38298234343529,1.4363282759022695,0.002357888040603275,Reunion,,1.9380505345553511
0.6033940663102658,0.9597034200278954,1.0,0.11378456824089087,0.07840576073709941,2.397109457827001,0.2,141.93049420204937,2.108651399092439,150.93539665477363,0.8110047436590042,0.007336147531363578,Nicaragua,,14.38891848818828
1.0,1.9450540211623344,0.0,0.9999984889603675,0.0017982113573277716,0.0028111055364878536,0.2,1.47221472535764,1.4007206466962392,30.57858756944884,2.0,0.0916190479737505,Kuwait,,2118.280560202714
0.9746602364677511,1.8452746264258661,0.5740792818609424,0.009939870993156852,0.284964586099429,0.0,0.11448766361545103,164.44153478274353,8.212548240794815,31.50073565543323,0.06512649001901805,0.0033112278714508775,Denmark,,2550.1805786940113
0.9855246598834458,0.4357447874280355,1.0,0.12246996669433242,0.3194501305151764,3.6185406140521947,0.10823772958187029,106.67224451083237,2.167068232526797,28.507519090251513,2.0,0.0038199360893657716,Bolivia,,43.0452711801258
0.5422798253399929,1.2132574947293298,1.0,0.016787304564615413,0.018873724303600202,0.1022336261496735,0.2,0.5262211573791516,8.219589827394907,32.829710791175586,0.8439561926662877,1.0,Papua New Guinea,,148.66984079259547
0.27262704794677123,1.3555444844532758,0.0,0.00983674803504564,0.0005455250502677256,3.931232043616049,0.020782693614811523,17.643078864461387,7.223508881192037,0.9186413431959825,1.2920292208405602,0.012078858513571706,Senegal,,88.3524701686776
0.5248809890643512,0.0,1.0,0.08593315519324635,0.05084215119528671,4.5,0.2,0.22237017140073725,8.22,26.241765664634563,1.3953759634581588,1.0,Paraguay,,20.659625759033894
0.5362468693907088,1.164638650055553,1.0,0.018868990556244247,0.043352284101663405,0.0,0.024766727317670885,266.3941509024532,8.130733593187214,114.73018825593772,0.6036005786271623,0.008025846841603327,New Zealand,,43.854796135885756
0.899879558065071,1.9998538009547517,1.0,0.06987976893067951,0.17667623576140834,1.0209428076298401,0.2,354.57284848551006,5.407799262324568,126.00318432954856,1.388008062672959,0.0010917586026128517,North Macedonia,,16.91927826838188
0.3519483119400176,0.0,1.0,0.6264411184978868,0.0033325209544429854,4.499984379920452,0.2,5.54501819620422,3.10875619595954,51.23473382289325,1.5516539093634378,1.0,Niger,,9.19087598826409
1.0,2.0,0.8851315214586285,0.04113785704337969,0.21520213828915694,0.6552621744551458,0.03948560525512706,181.39696846087827,5.569982541033383,197.12527862103514,1.522037865968353,0.010888642762763686,Philippines,,11.08889747319865
1.0,2.0,0.10453706412081837,0.0023599793483326525,0.0001290351744741569,1.6019272658291488,0.2,10.725927999384345,8.22,27.13473327759753,0.1528387819428345,0.02622653391328971,Saint Pierre and Miquelon,,27.93732522974597
0.49700752301830414,1.2384155494635931,1.0,0.0021199553060597953,0.048145428219628715,1.085912603870791,0.14002122587608748,211.511335504409,3.785543285248373,199.31157239582325,0.1312788608708999,0.06506023761453011,South Korea,,18.81872364508123
0.9593392998040478,0.7783655334041288,1.0,0.018258355864123166,0.026187949285119076,0.0,0.1575385939425518,156.45976780372283,5.458292138750901,121.10317453755516,0.28624022730945153,0.005055507445705323,Namibia,,54.30033442772638
1.0,2.0,0.553732362904995,0.07243688468636864,0.043337443242074385,3.2822333064023312,0.2,31.07884451439758,7.755020659650418,157.57914921468011,1.9958516795573233,0.013333090565487107,Oman,,21.150536043642365
1.0,0.48863863174560374,0.0,0.2254277660411396,0.32,0.6583922450080335,0.15680296893270762,168.6477906961769,0.5668039049812651,18.517999798069038,1.6997807557400042,0.004652989110103483,Peru,,2066.1936853897605
1.0,2.0,0.8266015452873363,0.008922313604937449,0.03154936278239301,0.0,0.03002258983393453,453.99976275485534,6.631853468358324,145.56105374875762,0.5986513445336179,0.004076359115763232,Norway,,193.6625966014333
1.0,2.0,0.6650997373401035,0.08362590398157073,0.26842091431382936,2.472631038061043,0.16019217663592938,74.43034717445245,1.4713894924684503,137.8753575757146,1.7338192973872424,0.01217471619200118,Sudan,,75.53512192562634
1.0,1.2402017253135906,0.8020500875747331,0.057061436642985956,0.3199962336764831,0.00011899023152409038,0.19767921113732034,3.389422512903681,4.174983257124173,6.648085361278215,1.9999489540054383,0.03460872766587176,Netherlands,,70.0001410025055
0.47407951489950734,0.08396115784216789,1.0,0.12160609632716045,0.004385687826694068,1.3497846252033048,0.2,205.4305962821575,6.03408106905013,139.50193865668916,0.5828937095032654,0.09598000327944117,Micronesia (country),,52.87206053284683
0.7695673263640721,0.5711635185606916,0.0,0.019488053361110924,0.00036107130534113185,1.6576645411550999,0.14861476067609242,160.99659947939222,7.69017906231049,33.50604673064778,1.597149490565889,0.00038896011836097135,Rwanda,,56198.89067992919
1.0,2.0,0.5929117491615006,0.007435503570494939,0.3138200653683799,0.0,0.2,316.9949818777396,2.4974539349479468,104.29271959351672,0.43011374469351127,0.004466337855851383,Romania,,158.44443919778593
0.450208810715436,1.8622083185479426,1.0,1.0,0.009567238312443533,0.0,0.19993414254742742,402.42886699028026,4.347373991051013,20.670804325220182,0.9375540795684314,0.0031128413200330637,Malawi,,76.14942132592402
0.5264854472971677,2.0,1.0,0.0,0.0,3.1406217041105053,0.18128091432877366,0.07372629050304148,3.940632973767041,156.50178144872189,1.0344838593155146,0.27806516839524253,Seychelles,,1.5935745626922828
0.6639338791967571,1.07471730479012,1.0,0.13515087726671163,0.10294566253618037,3.080649060635694,0.2,176.51938201964683,7.789061086047545,32.68740612371029,1.4240818216238023,0.0022196155650955627,Montenegro,,15.329237645012173
0.39027078292675943,0.0,1.0,0.039464446544572755,0.26047223853444174,4.5,0.2,0.6757581797965264,7.563347331524162,21.575136175662003,0.4182498959278318,1.0,San Marino,,19.243066473703195
0.11964746575138151,0.0,1.0,0.43573081245524115,0.0779602409528502,4.276267115534122,0.17441774993459766,27.808644746375837,8.22,2.574804855490686,2.0,0.02000763104119078,Mauritius,,14.32705849273099
1.0,2.0,0.7796983340604551,0.10242849509876947,0.09970946262866537,1.9147975720626096,0.06498664298834253,136.0537837145152,8.217901197700249,31.667600200457702,1.6525516722315403,0.011936158491024761,Serbia,,5451.494967669211
1.0,2.0,0.8846140250925579,0.017393900970331666,0.2176531985919584,0.0,0.016259837684706412,407.86036494634936,4.9125725717832545,9.076750214624836,0.970408339658809,0.0012312233384798447,Poland,,11.086112283400459
0.7825284573511513,2.0,1.0,0.013725892870467549,0.06980064630211281,0.0,0.09730506702215574,451.03328085844345,0.2729395358505755,142.4318650920917,0.060936514712083056,0.0043711284738742395,Thailand,,87.55740687589363
0.9749916438724361,0.004874853409914781,4.274903255516996e-05,0.06675353633105402,0.03926350658992643,2.253789956991456,0.02271512491865371,21.984100313743532,0.3026070334088026,28.07867165923062,1.6984453130976933,0.017618065105872074,Nepal,,11183.089485805409
0.6646959246691704,1.923830608829478,0.4844768497920078,0.001940029809085475,0.0005995792967990465,2.563228781292259,0.04466816502477465,56.3207305732323,3.6542849299734748,104.77976401046868,1.2549259185231634,0.0009875118105548192,Saint Barthelemy,,19.530829905093324
0.8658533641800725,2.0,1.0,0.9434234894630469,0.32,0.0,0.2,19.549772518589126,8.21991304813209,31.356219779128793,1.0254531770324649,0.0015949957474191692,Martinique,,415.07630686332783
1.0,2.0,0.8679675802071641,0.009290150958968235,0.24870668731292395,0.24800434716724695,0.10114015801133666,143.46711536514212,6.596909707646899,111.00893982559666,0.6447110060834618,0.010773100286808475,Portugal,,64.26620692073153
1.0,2.0,0.899915352973952,0.12780201949240785,0.16830364695742803,1.221217759140984,0.03866835579893935,188.58819269247684,3.8309105569574307,30.61381465329648,2.0,0.3642278615013643,Mauritania,,1332.0346402401783
0.7686424117934832,1.6112546321936057,1.0,0.017302977994880342,0.0002380149686622146,4.010203952426309,0.2,46.87800585720173,8.219806491089013,28.99317856805434,0.440983715467155,0.006464798427770693,Turks and Caicos Islands,,306.1812315107201
1.0,0.18042259517834758,0.0,0.999323533593482,0.004478820757367131,0.00013768825171467638,0.1577119567206357,1.4669691826874225,7.038381903793309,30.101026673440263,2.0,0.0597863915255342,Qatar,,882.1610528215533
0.31293171786367474,0.0,1.0,0.017135915322709305,0.017930203864136195,0.0,0.04615111025119519,107.13743640916086,8.22,4.969593040625565,2.0,0.011423677877506635,Kiribati,,20.402705299823502
0.8920784750015803,0.3000631530208913,1.0,0.11921380846244196,0.24263735946363174,2.253362995015166,0.2,66.68312135429433,2.0881858699581817,26.343691035565545,0.8231304069063716,0.02237667441199985,Morocco,,40.13654753810542
0.3904070447724204,0.666025821934634,0.19304829551428507,0.9717019644776554,0.05480937292847379,0.4202193518164492,2.0436839476161385e-05,6.1108868967650025,4.807088337331918,5.548040221608424,1.585408698749361,0.07255716586499623,Mali,,29.089196688916886
0.7888491047357944,1.9207038482453946,1.0,0.13570608522966995,0.1757039992597212,1.5594724767666837,0.2,45.46952216347266,4.7290362097346055,152.5625539524582,1.844016520665149,0.011986622163886539,Sierra Leone,,13.193520741209014
0.582884915169669,1.9072119899227507,1.0,0.13711036286175432,0.018408988501574887,4.5,0.2,0.1335898077080423,8.219230071453987,31.54255427974601,0.8543644440735321,1.0,Saint Lucia,,26.224105021542215
0.4871673362788839,1.2672388844694407,1.0,0.11895036418746655,0.01877710045974568,1.6576519993935557,0.034920160089570204,449.53145899662195,0.7359552100844553,96.89042587711765,0.12339023614958222,0.0018688394839228826,Saint Kitts and Nevis,,30.83156524196045
0.3834469036870118,1.381783454811403,1.0,0.099633383361421,0.07234278838896147,1.1332888231156268,0.11029766414718294,348.2102311158114,3.7237378748330183,92.76269421445528,0.07145006513377794,0.0028469587302379336,Tanzania,,29.928440658937816
0.7749190662710747,2.0,1.0,0.019160260053056932,0.010882418100560613,0.0,0.17239941588250765,323.3335254564241,3.0205171118676706,44.39321131337607,1.3583150347660649,0.006251717054663092,Samoa,,8.67023609055671
0.8698621615309641,1.310281805793433,1.0,0.0726278442803913,0.04473043453796777,2.061635862712885,0.0356117926496476,77.68746433782317,0.9896606366401393,24.16578007284662,1.9874485846045018,0.002156668736897136,Mozambique,,20.424080925502437
0.8860161882746733,2.0,1.0,0.1843660736548054,0.06989159165708342,4.5,0.2,70.42757484474993,6.889267608496931,191.51119804230495,0.7508267529511485,0.009710082935567488,South Sudan,,61.66556894618499
0.9633523652374604,1.9967865271429366,1.0,0.01902230396179183,0.0982385192790406,0.0,0.043873039980619456,452.09180243863943,6.951306037302196,166.42034510711892,1.0500567757098906,0.001903266326203397,South Africa,,83.99646914660653
0.7033732527843827,1.9997954170820198,1.0,0.05065284258813606,0.0838445763034229,0.0,0.06734792382269594,453.57316267048975,6.963269429058029,167.70962862756437,0.11366742092415505,0.0037946605246999263,United States,Oregon,31.66217123868445
0.9563852750916846,1.4423585098134017,1.0,0.9993260367352594,0.022810111279792867,1.777686391848822,0.06779605712896634,420.93935854446977,4.2184002621739705,8.432867603265814,0.38366086527138776,0.0003765703703680645,Guinea,,15.621373441254793
0.6489204870223078,2.0,1.0,0.002772889442824278,0.0008632035766510948,2.034952490123919,0.2,0.5924444665193606,8.219917932038294,31.80548062474409,0.7287530350170299,1.0,Uganda,,267.89670097680755
1.0,2.0,0.5128658505940089,0.008860542532191484,0.14317410148895882,0.0,0.12815263497268364,202.71589478909246,5.336400838338143,113.80041894316673,0.8625832918322276,0.022831895831798888,Switzerland,,613.8467939274345
0.6769798960919681,0.41024916718690035,0.44899258553682797,0.09691710668296798,0.13152177574126592,3.389999642583993,0.08270818096070764,128.14978048043554,8.216913029260557,31.908943279875814,1.0723329743819527,0.0037434922245348284,Suriname,,226.49018845595648
0.8921403881790109,0.698167565938185,0.0,0.9157254429799917,0.06233749174783778,0.7056136300532041,0.01482363813101269,453.99997744880903,3.0943699342417172,155.72756865900374,0.8601242137853999,0.000566285817956374,Nigeria,,4215.447085913009
1.0,2.0,0.7754174990639502,0.00935598561939699,0.09777032068106291,0.0,0.19999788217531148,180.71801016524594,8.197330376074769,33.6254788691833,1.949087838955135,0.006568626429957906,Saudi Arabia,,1578.269331461053
1.0,1.529358609743602,0.0,1.0,0.0052453723186607765,4.5,0.033508639285986755,153.75015526235723,8.22,4.561147943367316,2.0,0.011395635970626868,Marshall Islands,,44.55483129033454
0.49928781960972635,0.945639376766487,1.0,0.06991067698674139,0.11107878475886612,1.182430397664803,0.07502969943982957,453.39895143027974,5.519231653178268,28.79800365053125,1.4646481508731108,0.003680374812290528,Tunisia,,173.00260904234094
1.0,1.3737948976679375,0.0,0.046674470442546724,0.00015331556408687552,0.9318532569523521,0.03961382471678619,159.22211131008862,8.22,4.047794449380935,2.0,0.0013504890183373345,Nauru,,38.10554902429368
0.7987359940488282,2.0,1.0,0.22198022010006216,0.053176053911013314,4.5,0.2,2.4866194764827947,5.728526069735432,97.25989790671196,1.611005427928628,1.0,Tajikistan,,26.106059177486678
1.0,1.7136260719777168,0.0584102505609189,0.021568757028306233,0.17306649868434698,0.00010303193920284428,0.022975746164873783,282.6730186120001,8.123712101588682,152.34913201279312,1.9593362326502426,0.007894801520423825,United States,California,3831.4365079058234
1.0,1.9999883185456924,0.05217700175934933,0.047242232733614484,0.32,0.0,0.10202263849010133,23.838383179529995,1.0774859592934316,64.88855365557919,1.2789635787314637,0.028313348852768656,Sweden,,3919.8615527111074
0.8758896218849003,2.0,1.0,0.08268316424158306,0.08325630872957093,4.5,0.00028091858748128027,0.21820238324319646,4.2213082437118015,168.08103529412335,0.05400911167707978,0.28384284230183904,Syria,,73.28420492267618
0.76863261100333,0.2408083515014736,1.0,0.0378248956618622,0.32,4.020544221395913,0.2,3.6486046276112525,4.056844470387357,30.033509577362153,1.3306894385483128,0.29235995234786233,Somalia,,182.56834851899222
0.275088513404299,5.44433945104381e-05,1.0,0.010874114099263199,0.00044238616764868954,3.9616716567991936,0.1999724021577239,129.43853884112028,8.17009373356257,30.82024208232764,0.5880634008435042,0.0005441917316680501,Trinidad and Tobago,,1.3712657961636157
0.9959387588291236,1.6299540599021747,1.0,0.01946040322611453,0.27739815666778583,0.0,0.07631199765035569,245.96263764945414,1.14860093659318,90.74054068265474,1.5793408187634785,0.0006663110439203915,Slovenia,,119.32765700663757
1.0,2.0,1.0,0.00841227826393487,0.13591953638378557,0.0,0.026195730025074748,403.2421863933627,3.3740994969177383,133.4921894441814,1.324366162273698,0.0054035036272777875,United States,North Carolina,46.93456758239665
0.5634255530919878,0.498406455681434,0.39891774382405615,0.2812484123425751,0.031343910088838384,0.0,0.19546552186640118,31.12930959456227,5.038996006011478,5.05567192130243,1.9662819427865414,0.010224362261248364,Moldova,,25.098978534851323
1.0,2.0,0.5024604588016504,0.010881118005311663,0.23431339700114182,0.0,0.19001412572990975,315.70229984694333,6.507549524566032,100.85444919744873,1.023579945041945,0.01834641054615427,United States,Illinois,112.91525544650298
1.0,2.0,0.5428322353326726,0.051534587134311666,0.254819203663272,1.4527853523289755,0.18022932662285637,89.96710178158797,4.512514700242994,108.34248099531862,1.9730844870310493,0.027340031739898726,United States,Washington,267.05859644307543
0.9999989428609328,1.6844817590877075,0.590198113764187,0.5950730230398357,0.07946188612702237,2.2872202429602155,0.04242453653192034,299.7279737938472,3.5677550983526563,7.1963751786534615,0.9730456210305549,0.0010222845149457298,Ukraine,,54.83858901452988
0.9166081009199061,1.9787487791140321,1.0,0.06985428439245261,0.18840554794702694,1.0048783315549792,0.2,164.56678343469247,4.138964120932443,113.0965462937387,0.2798171912509133,0.009290748942327592,United States,Kentucky,34.674918622052665
1.0,2.0,0.6184746450499222,0.008417243706125399,0.204324306020544,0.7370116149044945,0.02840717609746579,129.0500901953786,0.8923946039853217,106.87907811503004,0.6218962650889428,0.08643088228848202,Turkey,,229.27576241662635
1.0,2.0,0.26186223888322085,0.23046684078827157,0.006832566787776795,0.0,0.06680386042066087,85.22870724424865,1.7449918600758227,60.755677253422505,1.9542491643124063,0.0016210728762917567,Singapore,,427.0131624305754
1.0,0.3423256239215249,0.0,0.013689090746163313,0.0002475607140493552,4.45689560077766,0.040925748628666575,453.99989481237105,8.22,4.9944803957123,2.0,0.0007294892980071679,Tuvalu,,13.439944294688159
0.5007478585986685,0.0,1.0,0.2315243670925432,0.01656219771809674,0.0,0.11296241556092475,295.9271371744255,8.22,7.272032682943853,0.9424827966956273,0.0063268701722036785,Solomon Islands,,35.3338732028415
0.4297083417512223,1.3021698072886463,1.0,0.03338811619311889,0.23673631167560746,0.3506781690134301,0.2,87.9001220511865,0.3292626491090811,57.47794262746049,0.6743248339386501,0.024833378972838292,Puerto Rico,,22.832826458326046
0.7675858884609719,1.999999214175696,1.0,0.004656632424256513,0.2277789311371855,0.6067401086294245,0.2,171.5155651807153,1.3383756523801242,44.25927615924593,0.011059573132548017,0.022555079294372112,United States,Arizona,57.936823682095174
1.0,1.854967431197213,0.10960033614100795,0.0116598984091425,0.19747856819188994,0.0,0.08089919820151398,136.67705925873508,5.750542342243791,14.98422876361554,0.9507348126400057,0.03670624113567152,United States,,1870.096760775194
0.6813585130167233,1.9263404616769668,0.9998204295370521,0.018718641035974315,0.1935165141071484,0.0,0.04222460015192888,318.4957045558082,1.6239312681685516,7.646027242856243,1.9999781149929763,0.003560648932228061,United States,District of Columbia,45.72914393045402
1.0,1.6700312574248084,0.0,0.051447286285288274,0.0009462611023954848,1.5987373441887671,0.08254687402194852,424.84619484123346,1.2861485845548621,92.31200239838893,1.5507061135217253,0.0004702335615469552,Tonga,,86.11608398093664
1.0,0.8390333235528664,0.0,0.007070630572972414,0.07040866656359532,0.0,0.17785405864456574,432.2604957223241,2.991593500813844,30.439807933071307,2.0,0.0059766336268358864,Russia,,4897.973313704836
1.0,1.035346753092746,0.0,0.02699337080505688,0.0005313615108664127,3.09671911499421,0.15532578588105758,313.1471243081534,5.03473909839081,5.378692488270907,2.0,0.0004774849669128475,Palau,,11.288450683327829
0.8644260086241992,2.0,1.0,0.010215209553222415,0.2547450658725986,0.0,0.027612657812844374,368.8465935848078,5.541624452041619,96.03067874321346,1.3655734465200933,0.006096412460411276,United States,Wisconsin,54.646102568022705
1.0,2.0,0.5426189045007408,0.00645026473011967,0.2350321503973589,0.0,0.10130720362944015,453.99938720591894,3.86718943001288,190.59584613385346,1.8437042963585917,0.025999131920891323,United States,New Jersey,206.74979243345192
1.0,0.6202519208745798,0.0,0.0,0.18545208158877904,0.0,0.02581494269345299,257.61184335592964,5.311074900868325,40.43545454274863,1.3265525847673416,0.010806516037788871,United States,Massachusetts,1285.8845006785677
0.4219497008959708,0.0,1.0,0.015716032927684864,0.029561293802820444,0.0,0.1748191047193131,124.12653654601866,8.22,5.027760196641271,0.5338461000966106,0.001889834960538563,United States Virgin Islands,,59.85235777735311
0.29447146762637305,0.0,1.0,0.07170159244286457,0.04522447238352308,4.5,0.2,0.09060011615039672,8.22,9.655707865173158,2.0,1.0,Togo,,34.38212652637437
1.0,2.0,0.6807953479853743,0.001118733443931319,0.14976948064752385,0.16299558826130545,0.09855417336233196,425.3285026435764,8.052995513783856,165.14815594025686,1.0042395470364447,0.01134246470522227,United States,Texas,46.42538139757957
0.7314268905537333,0.515806781954568,0.7976382207809726,0.00454261086770491,0.029555022634812418,0.48672108415712484,0.0892215261038973,380.8270370578903,6.713372490601251,0.5963696699085387,0.8862798226462298,0.0003184641195664212,Slovakia,,29.0674827552519
1.0,1.9996019753202217,0.17949045334188485,0.011635146014629116,0.10551578016976215,2.2213545905122514,0.10745152730143498,439.0159839194185,3.744896396575845,95.70894316290378,0.7699489815044611,0.0018511462240211449,United Arab Emirates,,1318.8346818925652
1.0,2.0,0.7242392456540702,0.024187597681063364,0.27533300990879145,0.6577664994900393,0.2,88.07313126238813,8.045353946028888,42.76834345292335,0.6911303082749303,0.044646880710086025,United States,Georgia,1077.4728950215858
1.0,2.0,0.5249004446969419,0.008603430286695524,0.21353328562604282,0.1899880535912711,0.036631779969968685,68.97908020495295,0.8248483804446405,170.77696649336315,0.8081799549146353,0.01970791353809877,United States,Rhode Island,187.33289130717736
1.0,1.8769967333876139,0.0,0.0033433119373342812,0.27586895836771147,0.0,0.19992914749893298,66.45148767692024,0.14788549434696208,46.92293937449074,1.5491286182983952,0.292427004402393,United States,New York,872.310436393915
0.6733928617201475,1.5707165525582263,1.0,0.054006160934562945,0.16923221446463416,0.9338097265169829,0.2,127.87442200897722,3.7219916508509012,117.45130229104757,1.564576105434191,0.026380084809904916,United States,Oklahoma,37.72064709483321
0.4872705200627465,1.6442746759928561,1.0,0.05328847605321869,0.060496081138866155,0.0,0.2,1.517882735824306,8.219681224010374,31.398707878080653,0.061960115664085436,1.0,United States,Vermont,121.10705399489528
0.44568981098802524,0.20900272833670425,1.0,0.007649165053882578,0.07449573771485388,0.0,0.2,0.8526137385400036,7.486918758901654,153.2301449623252,0.8473757124647197,0.8309266496105863,United States,Montana,7.578330314238177
0.22603557215801753,0.0,1.0,0.9966921453796421,0.046270788338851,1.139138727269048,0.2,15.662234032644424,8.22,4.889497768487007,2.0,0.013578025790576318,United States,Alaska,48.855045870466604
0.7542788096381313,1.3210881477171134e-05,1.0,0.005752184802535254,8.821140389542181e-05,0.47138190026397275,0.06502113453338668,131.9043787617322,8.22,25.144236443800022,1.5183971305125394,0.0016314395456777547,Niue,,38.9476150262999
0.8588996787159913,1.7666195281425856,0.11952881868118828,0.0645349957822701,0.2344565389654069,4.716955918549189e-05,0.03767897777954171,306.4237814888207,4.227886255996826,11.680853746214964,1.9974014551222723,0.005280984726769096,Spain,,1629.1917336930321
0.49809021977439777,0.8625373765012455,1.0,0.11065190921747232,0.11661986348337298,1.8926878189199217,0.2,116.26046331870444,8.219430553651074,31.16253842045395,0.750159113076823,0.019730283534517605,United States,Puerto Rico,36.7719508843649
0.6118946635937847,0.3696234529063271,1.0,0.15441678205637008,0.1891690830295059,4.5,0.1373090105948582,340.80499790975716,3.519400379001478,24.76495536077546,0.2824496206201186,0.0007982773179188136,Sri Lanka,,67.43480191835346
1.0,2.0,0.8469806994771378,0.01833920693583102,0.21261747551197863,0.0,0.05866519319704912,260.17351523840244,6.140291977951696,178.4130738441757,0.5534378325646685,0.010005933244009356,United States,Colorado,12.849690992063497
0.7513515615862033,1.3549531571778353,1.0,0.017008342024643852,0.15038512324936337,0.08467552084335739,0.2,61.56694160549398,3.230658543171057,28.94019557959021,0.317752248596463,0.02095448281168733,United States,New Hampshire,9.99213033336423
0.7736516855933614,2.0,1.0,0.0010394858031812504,0.18161704199932327,0.17080109273266103,0.10265394551126844,375.2285626124524,7.306352824099179,187.10216350117616,0.8890147970523685,0.010483884190750496,United States,Missouri,22.044053344350406
0.5914604758044164,1.7798810867609258,1.0,0.08991278454418761,0.10515898461688176,0.0,0.08846420101103136,294.9324365220908,3.4867751445938895,7.041202281104864,2.0,0.009216750082016851,United States,Indiana,54.63639566639444
0.807948952008312,1.4087805769231665,1.0,0.01423591894890519,0.20802337913427124,1.6118476677082292,0.16616331722602773,388.03670136520094,0.622746194136754,90.32176558031409,0.30326963788425587,0.0028717737828044205,United States,Arkansas,62.25443278652565
0.9044935284588613,2.0,1.0,0.01975039975245707,0.24676509153582377,0.08796512142334521,0.2,249.7993824200217,0.06317314960606524,174.7990744695308,1.058100356998775,0.015088154127931698,United States,Ohio,42.59088484042761
0.9221155057322653,2.0,1.0,0.022545297960336556,0.32,0.0,0.2,453.9999570248893,3.6497759362398927,197.55237489264982,0.9637090414762497,0.01094501053203895,United States,Michigan,31.931419995469223
0.9999762759525133,0.9539614259802933,0.2355337787865919,0.23728576583785907,0.0023978354915871586,2.5014247997452714e-05,0.2,0.2910787281875649,1.6200328379500917,15.95125332030905,1.9984941585964175,0.057412690231658445,Saint Vincent and the Grenadines,,559.3080998073955
0.8249217357103471,2.0,1.0,0.22799722880950637,0.01675375565673995,4.5,0.2,4.0754063822369195,3.223239455580524,113.97326269499888,1.7855075641838738,0.3950583325770303,United States,South Dakota,10.97058946941321
0.907423460627544,1.9999342062006236,1.0,0.037786907400287714,0.16263951131979368,0.5901748665205996,0.2,142.2073649167788,5.595219464822474,114.1907474066731,0.28306753996858225,0.010531459940824158,United States,Mississippi,43.00398565035375
1.0,2.0,1.0,0.012898001526352046,0.1480132164452871,0.10090309975805632,0.2,1.0326092865545617,0.2532172361492506,145.3973466232419,1.001845322549343,1.0,United States,Delaware,11.96803880274173
0.7629727081317212,1.6268606782359891,1.0,0.0,0.32,0.5989942008064686,0.17886466506942336,289.3074184349475,5.281896932044291,31.751679739757176,1.8913436296031818,0.006340905538850667,United States,Kansas,260.204138742638
0.48463645331074284,0.726575657197552,1.0,0.013352693753972744,0.10948050820633547,0.0,0.027651341498144952,453.9984487976248,5.254700366248404,142.8514278866025,0.7569913400574237,0.007632965263036441,United States,Idaho,27.230049172332404
1.0,2.0,1.0,0.017744078200709668,0.30028605692326354,1.2345099126868997,0.09245780830373315,154.58387740390006,1.8041426344345748,39.64417681203844,0.25812422208136354,0.011535863866478575,United States,Alabama,26.96361447952184
0.8099709985102714,1.113706312547536,1.0,0.00367351638951674,0.17820769424159677,0.34637404802859123,0.022317199359763368,52.064926854325165,5.869702349927087,10.378588483437907,0.412755498065164,0.0661853188475823,United States,Florida,17.00441414557288
0.9999999996331935,0.050257909845869975,0.11413663007343429,0.09414234217522006,0.32,0.0,0.03663961658458739,68.14341802784554,2.8974032876539306,11.48902600436622,1.999999999976809,0.009857464392596828,United Kingdom,,2253.9604414530386
0.5108381859504133,1.5178537454360288,1.0,0.08372245193375766,0.06222554598357599,3.9533560987451235,0.13595239595614012,70.38384422846855,7.638336397484515,4.3311418773718655,2.0,0.0031623492121168255,United States,Utah,66.13842001020801
0.6111282997234335,1.8053347050307753,0.9848367037331068,0.00779520001450984,0.2884095609909039,0.6003316430581642,0.06907629362565684,375.88540820280684,6.116878066947599,4.839249843582035,0.8929308349246936,0.0019289304099057826,United States,Nevada,40.372093504468594
0.21811821758372105,0.0,1.0,0.01150009372238947,0.000376129537055625,1.8496111474536363,0.2,0.16078085010460205,8.22,2.3512087853933887,1.9440887776200886,1.0,Wallis and Futuna,,3.4634003028897973
1.0,2.0,0.8238430990801083,0.09962138841613365,0.0009213371956621752,2.061968017744852,0.2,26.12499222845919,7.558423322168933,93.25870793760583,1.8490291964748682,0.06648136347750308,Vanuatu,,71.37622524974752
0.689962029646605,2.0,1.0,0.1722907196239753,0.014098614366564418,4.5,0.2,1.0678068522010038,7.936504821793514,44.34066860865005,1.9365541094342262,1.0,Zambia,,679.3445156874162
0.46392197521958733,0.24271194748504282,1.0,0.08991868722700842,0.0462331932574609,1.3078089668277717,0.2,87.88683896641334,1.3776874323790782,40.53318930559266,0.571160634976208,0.014812400900724505,United States,Hawaii,16.04455894225377
0.8208286572243955,1.9998146968704655,1.0,0.9446845239373654,0.32,0.3279374951115525,0.19986658596139764,448.3895548534694,6.174866582408772,54.13398588445364,0.0040199720079412415,0.001018619556925473,Yemen,,47.14558946809142
0.1795560545931576,0.0,1.0,0.01478715902348915,0.0004741236214322875,1.0748900530135739,0.04586505862531955,262.65112313899743,8.22,2.4872895996899897,0.02911053321950119,0.0012716034686711085,Vietnam,,9.421757905531697
0.5055518265591864,1.4846436625098922,0.05282708422805717,0.0004891578136478891,0.18362678690898257,0.009924232489499023,0.1452481985262739,138.65341207563614,7.096797081306757,10.130201851634428,0.1679174637416776,0.019874830198175784,United States,Virginia,37.42771820121799
0.8241442905505626,1.784510666097582,1.0,0.29225930245276033,0.10695942558760761,1.2429371114818533,0.010924814854521299,27.862944213632098,2.6568892116547644,11.974271796498769,2.0,0.12728570624628174,United States,Louisiana,39.42550411118643
0.8609244319796638,1.9999639677929766,1.0,0.01671456575437813,0.18522811646998452,0.0,0.1745693446848612,195.91014709602644,2.094158085364013,128.06534099946566,1.870981631207714,0.002766669462811705,United States,West Virginia,5.819804295717591
0.9059272425041868,1.8735011626903078,0.6142197232695485,0.02157743303092325,0.2705101612447559,2.49585536808148,0.062063859524843036,393.16417299859177,7.21051595708561,67.6428868289064,0.5551122020528965,0.0008367462302421864,United States,North Dakota,262.66494018318645
1.0,2.0,1.0,0.003664682334049818,0.17691216787008787,0.0,0.2,31.211236086049666,3.8180791242389907,12.372962048511381,0.6612207909540366,0.09823154041110084,United States,Pennsylvania,20.11733646325362
0.9042317622350298,1.8024183969311474,0.8030484306757735,0.021517189410880856,0.32,0.0,0.04558403089965869,63.57641654418105,5.659315231666048,7.479485330568803,0.43082901664639683,0.016085978286754034,United States,Connecticut,29.253121618334166
0.9644507649409789,1.0015033321595759,1.0,1.0,0.030451744219048147,0.49267402199806415,0.0525429644958586,356.02050821894886,1.4063401477404434,23.498279535658007,1.169700377000044,0.0024411131305916095,United States,Nebraska,44.58948535944457
0.6142322311877579,0.15321116455938735,1.0,0.0010286766046971874,0.09430260302894436,0.0,0.10871021118595839,150.5308826848155,7.571163840158702,32.939476568863405,1.2236419309917657,0.0035851255294281313,United States,Wyoming,113.91377698307363
0.3488271512464867,0.0,1.0,0.06111917572641274,0.006046932782392803,1.1967712645808029,0.2,0.7578102076133831,0.6603053070681735,22.229922121759934,0.78278693948439,1.0,Palestine,,47.090387064976376
0.9375864168846012,1.9515077091785646,1.0,0.01992454885217243,0.22398713218185212,0.7156052427320856,0.04400358574574059,74.46898330359636,0.9419820113614661,26.506903516023797,1.9978920353820242,0.01625648939422821,United States,Iowa,33.39581506499641
0.43665517108118335,0.0002764160249018502,1.0,0.04903832400595078,0.1001518326718363,4.5,0.2,0.1450314854461129,8.22,21.343842215958446,1.127890115114653,1.0,Venezuela,,82.2938249682361
0.831412248038678,0.794722531968993,1.0,0.01914532448251527,0.17637330308280474,0.0,0.03418756170276411,300.2553477173139,5.367905161748906,1.8916255878640436,0.30767929578908904,0.0007424373860106734,United States,New Mexico,50.13406209126438
0.6717026347916525,1.6074665254423346,1.0,0.019746926524699004,0.2387736540488544,0.8175897754786741,0.19758228194209637,412.98509459844325,3.6602938252553177,30.204492233943512,1.9981723743116777,0.00219674108851545,United States,Maine,146.14790414997663
0.37088275265876786,1.3277706500845041,0.32340768014608096,0.04314537072516563,0.1512872437789124,1.518919285213669,0.030095203953212066,350.2221964734877,7.903253223883774,7.43298669499953,1.58148527701396,0.004700912423619254,United States,South Carolina,47.09145677829154
0.7359113985798899,1.819614181232265,0.18144316542084013,0.00561405870908005,0.25406446690971296,0.0,0.09199027786183923,421.00832367887017,5.978319625791302,7.51700637243304,1.7838621633768124,0.0010357893377988692,United States,Maryland,272.9610630055469
0.8818503439970425,0.8693027967594051,1.0,0.14324260664732041,0.011961815797263175,4.190655073393533,0.04206055931726625,114.49208353651089,7.007990505083299,30.626765946404518,1.9742997912790947,0.002836330763357712,Uzbekistan,,2186.3734326480594
0.4531070978996795,1.0472680386317883,1.0,0.07041988192987485,0.04975982054716016,1.0327665075743924,0.2,119.3528923779928,8.219817221966933,31.546012238414686,0.1716021889788215,0.006810549446598263,Uruguay,,41.669748939341886
0.7288634702074889,0.20674450383798418,1.0,0.01009394092585758,0.006238007781871976,0.0,0.2,0.2375915126946327,0.6699825895073837,26.13713783581486,1.9921411171177938,1.0,Zimbabwe,,77.83580516268613
0.8291957802615516,0.0007248857258659548,2.8560194504648818e-05,0.015421328507196241,0.13682223638070515,4.5,4.355832447541891e-06,0.07521243589877996,7.74459542334769,30.374130705066417,1.9999432346223303,0.9469292019181673,Sao Tome and Principe,,5223.150548825533
0.4852823998778672,0.00026705271918835735,1.0,0.008266203707817388,0.24884798468058691,1.4767491560768315,0.07665689742815437,70.7455484871662,8.22,5.166859808377452,2.0,0.005892923872033171,United States,Tennessee,67.77269268591746
0.9699817693692173,0.6657877842509029,1.0,0.013588804381045927,0.2895769236112497,0.0,0.2,86.81981290679745,7.953926054083973,32.09686627236424,1.857833875899254,0.00967594434064418,United States,Minnesota,841.9913871405683
