,country,domain,first_day_above_hundred,alpha,days,r_s,r_dth,p_dth,r_dthdecay,k1,k2,jump,t_jump,std_normal,k3
0,Bolivia,,2020-04-01,-999.0,-999.0,-999.0,-999.0,-999.0,-999.0,-999.0,-999.0,-999.0,-999.0,-999.0,-999.0
1,Brunei,,2020-03-25,-999.0,-999.0,-999.0,-999.0,-999.0,-999.0,-999.0,-999.0,-999.0,-999.0,-999.0,-999.0
2,Curacao,,2020-09-09,-999.0,-999.0,-999.0,-999.0,-999.0,-999.0,-999.0,-999.0,-999.0,-999.0,-999.0,-999.0
3,Democratic Republic of Congo,,2020-04-01,-999.0,-999.0,-999.0,-999.0,-999.0,-999.0,-999.0,-999.0,-999.0,-999.0,-999.0,-999.0
4,Cote d'Ivoire,,2020-03-25,-999.0,-999.0,-999.0,-999.0,-999.0,-999.0,-999.0,-999.0,-999.0,-999.0,-999.0,-999.0
5,Dominica,,2021-01-07,0.1,-199.88974390858627,14.999595270904022,0.3755112564357507,0.24817296254484128,4.99737984859035,0.26550193511676934,0.05134346865582896,2.613158147087569,279.46131425367366,44.13855659114708,0.24287770313370094
6,Ecuador,,2020-03-18,0.8753605173582631,3.351138143826226,15.0,0.1583569525963358,0.25,4.999745593936617,5.0,0.4030747744546077,3.2369345905703977,247.4306666479588,11.853138660875066,2.0
7,Cyprus,,2020-03-24,1.432440023868361,3.903781106450353,15.0,0.020019053286733198,0.030797726336618272,4.999662144380524,3.0986906073241,0.0023614116694302503,0.5350081947324936,277.66422204420087,5.655038905564913,0.3643051595075137
8,Congo,,2020-04-15,0.1,-199.99974498132872,14.99995529634867,0.17712104594289213,0.2497851552396071,-0.19953491800676984,4.966614169060384,0.26730869677033975,4.257742236115703,154.67159188001085,6.474249463848457,0.21028895365259426
9,Czechia,,2020-03-13,0.3882300152085522,71.7128741656325,1.0065552082023044,0.13210932412058007,0.25,4.626242887563239,2.166839302203592,1.1859341789819589,5.0,12.419468114721075,1.2631180349600648,1.9973177064242782
10,Chad,,2020-05-02,0.18279932368552712,3.377046844750955,15.0,0.02005472357086185,0.028614030265438406,4.99998323752379,4.8232175061524005,0.0017283000248598556,0.21631934169452904,280.51330199407016,32.76962122889061,0.647153698843875
11,China,,2020-01-19,1.5,8.140100633083716,15.0,0.02554107003492579,0.239183144088557,4.99991439110957,4.6358281431276,0.8461655072251637,2.9225230535264544,223.34794111680105,15.148674860458803,1.517316503622448
12,Comoros,,2020-06-13,0.800626192865067,2.247301837005409,15.0,0.02222694819574299,0.08760090217972831,4.999975719976094,4.360717244745234,0.0013310560660799338,0.0,235.18254027898126,99.79091522474624,0.2000059985389152
13,Costa Rica,,2020-03-22,0.1,20.783202737073967,1.0,0.02,0.09601664862091833,4.883286540365338,1.4368425594312482,0.04360402717185089,3.7380295837672186,10.130319442375411,0.1170267117202343,1.9998178400268078
14,Cook Islands,,2022-03-06,0.47153759859596317,9.027222064521368,15.0,0.4222241530854292,0.12858683057247755,2.7829254925057443,2.9198970044450814,0.001,0.7922412767254823,250.4947301541813,24.281529500084083,0.9356669333180733
15,Chile,,2020-03-17,0.6713193975380678,9.715800694960302,11.512983712764841,0.20367871742755037,0.25,4.618505039237442,4.80504652721615,1.3727484421795015,0.9401408240346001,142.44029700734387,14.97935777517228,0.6045734128252025
16,Canada,New Brunswick,2020-04-06,0.1,-199.98091560930345,14.999479649130748,0.5,0.24980104877261794,0.02006042129611911,0.13614858532059798,0.1744269964395444,2.975535859656536,106.5963958236041,0.2312131477304206,0.6409927539280863
17,Central African Republic,,2020-05-05,1.499985198188322,4.298374462272216,15.0,0.4276693826176918,0.02203567018673247,4.997104689070676,1.3088842577622901,0.0016947020113848414,2.581961739585452,293.02809712533644,35.00701222739415,0.5534726831577526
18,Canada,Yukon,2021-06-13,0.2833139972202022,3.2618476593936405,15.0,0.2242583045695709,0.25,4.99990698766399,5.0,0.001,2.1801715260430754,121.8148469328836,2.0301535668411703,0.32308382545497305
19,Bulgaria,,2020-03-22,1.4813839455518854,-13.445583924319587,9.757226803213333,0.1580170124915167,0.11491504862953478,1.3137398528468098,4.104166761636422,1.6241702083565879,3.0928638490601053,236.5991881864292,95.23951784184426,0.22455772553991904
20,Cameroon,,2020-03-31,0.1,-199.99997917464495,15.0,0.10710353632572478,0.01,5.0,2.2346053935088737,1.327150801128,1.0520338413144756,105.03367387412203,4.700159565291221,2.0
21,British Virgin Islands,,2021-01-06,1.4997306889633315,-30.907758009408404,1.3979505946583322,0.5,0.24999815161693037,4.2067267724888255,0.3064520779376583,0.13914369519968067,0.6016994640231133,239.92971382290125,26.297290633717985,0.20516479640585264
22,Bermuda,,2020-04-27,1.4931393057826765,-106.73729419201558,1.4300374437754277,0.4300958875877499,0.18575054490530712,0.12519787278150496,0.17840305281108962,0.057993473263718814,4.374757199195865,287.02633432821705,71.75455493761025,0.3995222057901444
23,Canada,Quebec,2020-03-17,0.8356986256254643,4.284682956782752,13.86207832193227,0.41742775373236446,0.1829015251095763,1.5285423944541898,4.99759694375374,0.38264420239658953,4.516688539377744,131.85342650957068,59.35232002199674,1.99939298433814
24,Benin,,2020-05-10,0.1,-199.9957282855772,14.999824199980251,0.34358340123962094,0.25,-0.1998830055568108,0.3149151223253677,0.27134935492911433,1.2788898520261274,293.2133744376041,17.615538945889902,0.5516164651141998
25,Bhutan,,2020-07-29,1.4999996511890348,-20.05421320965214,1.0000007899725734,0.5,0.2499998092522812,3.244648575168322,0.36321885114697894,0.001,0.6016994640231133,239.92971382290125,26.297290633717985,0.2
26,Aruba,,2020-05-06,0.1,-173.5497052182651,11.593979799836054,0.13010531515127363,0.12803628011834878,4.913297051240793,0.001,0.001,0.29270042647115435,257.7899084544192,26.830665225900766,0.2
27,Canada,Ontario,2020-03-10,1.4999492576382367,-124.7686474701153,5.808393027544544,0.3573150568070279,0.25,4.593426936833986,4.549930381894316,0.49597069412421657,3.54463132431926,103.43726634173821,48.68061416289624,1.1193286194537766
28,Cuba,,2020-03-29,0.44664179663657566,64.25000582293187,8.79747062556108,0.5,0.07074899024568072,-0.1997172441416308,1.417730448101139,2.004856535142033,3.7068679028783613,100.52665244179491,8.461520357207325,0.3288294344213968
29,El Salvador,,2020-04-10,1.1400996385215736,3.0254978395296948,15.0,0.4539482060191154,0.01,2.3082699466997987,0.7150223549094908,0.7919692008473833,1.3883286776796266,254.88034657023536,7.278005052567044,0.22701334653760624
30,Anguilla,,2021-05-12,0.1,-128.0294129835584,12.096266246538734,0.10360241088179652,0.11882539613621382,4.64901735856397,0.001,0.001,0.0,83.39316165102125,28.544548757181865,0.2
31,Australia,Northern Territory,2021-02-05,1.4999971807930348,-10.62477533363819,3.1063427749864196,0.5,0.010237925124002392,4.437439343988899,0.041430593151660255,0.02262094749762361,0.6016994640231133,239.92971382290125,26.297290633717985,0.2
32,Austria,,2020-03-10,0.1,-200.0,15.0,0.06700949653939432,0.07106430845746105,4.999323563056868,5.0,1.4740259792554098,2.7392571367368816,233.42110947176957,26.640082422702214,2.0
33,Bahamas,,2020-05-30,0.10009147045775012,-199.5658273432597,14.965967850126695,0.3581650213848757,0.24812617817828048,-0.019441705588256534,0.08016972384535088,0.015946151823475994,1.8204319912438223,167.12155441891923,19.046353474578858,0.31256062491068515
34,Canada,Saskatchewan,2020-03-27,1.3013511472010715,-23.039305754315333,14.615428665284066,0.5,0.18220848600222983,2.956637070493817,3.6276053563901485,2.512496485816304,2.575857742705468,239.65288178748494,89.18872223584819,0.27017013347817387
35,Australia,Australian Capital Territory,2020-04-10,1.5,6.374056551284344,15.0,0.5,0.010415052291939389,3.224044292945377,0.009479173578107595,0.001,0.6016994640231133,239.92971382290125,26.297290633717985,0.2
36,Canada,Prince Edward Island,2021-01-07,1.5,9.191795362234584,15.0,0.38039079968098427,0.1259456222962702,2.9718662559852236,0.017919153146478618,0.0011065981992868356,4.977419896357536,233.1427918444028,99.75637452871294,0.22103095005143236
37,Egypt,,2020-03-15,1.4938673645934788,-56.34768440156011,1.0,0.5,0.24809733550839635,2.0503966637555036,4.522820925384607,1.4298382861550485,0.27156605862772054,105.78012351207656,100.0,0.38654776660632123
38,Botswana,,2020-06-25,0.13740629068185023,2.9863001969916994,15.0,0.02,0.01870834712951226,4.999843971026299,2.4784775880681993,0.001122031840524055,0.33466229447384954,217.69680119809072,31.602137190522576,0.7989082323012747
39,Australia,Tasmania,2020-04-09,0.1,-199.99946704555262,14.999998585411658,0.4031905991572892,0.25,4.999486472039715,0.68676719144375,0.10266093850004951,0.004393443327496804,214.3925930830993,10.104068657381765,1.3948125795614676
40,Andorra,,2020-03-22,0.1,-199.99993440448665,14.999879184127584,0.40319276069547266,0.25,4.999986772324673,2.753648220792189,0.8870390694080563,0.8626536549826476,285.01241866020473,32.481071927876606,0.8795010974391847
41,Iran,,2020-02-27,-999.0,-999.0,-999.0,-999.0,-999.0,-999.0,-999.0,-999.0,-999.0,-999.0,-999.0,-999.0
42,Antigua and Barbuda,,2020-09-28,0.2232663142903115,-120.59440892260275,14.017287435182139,0.30019502133871584,0.01,-0.18736442319599955,0.6889816861749447,0.001,4.459192948230614,69.11604152356904,8.398726776743748,0.2
43,Canada,,2020-03-12,1.5,6.527362432308627,15.0,0.30587323731515864,0.24974244736997503,-0.1999960805304182,5.0,0.001,2.714426962851478,224.7524630119325,4.175117839121375,0.5640497583600016
44,Estonia,,2020-03-15,0.1874010628447794,-178.79744174388398,1.0000090451354344,0.49997950544238456,0.24970543022179245,0.9254697022784251,3.8813248385504564,1.4453137124028048,2.311300143543523,39.16207737816817,45.25627804158249,0.21276690867213158
45,Denmark,,2020-03-11,0.6492960723040285,-199.9999394640157,14.999996674355595,0.2523614930335014,0.25,5.0,1.1093005382917736,1.2547504186339253,4.999999984067071,8.816169658368102,0.7532969990740582,1.798749225310112
46,Australia,New South Wales,2020-03-14,0.7594346185078377,16.003416173501364,2.508392910096214,0.35278693573776193,0.23927235724971307,1.6644701230426142,3.2723348178532956,0.7255852822934706,4.89851506429533,278.4469502488728,60.48435685877306,0.8335170442752173
47,Azerbaijan,,2020-03-28,0.7179843227717144,0.49232298466066826,10.313573463957045,0.4836937453988726,0.24981696401840123,3.8789854632159106,4.999910605806353,1.3815239728956774,4.781064094398861,106.27876738024185,49.90305733100406,0.4313216355821918
48,Bangladesh,,2020-04-06,0.8190925600053486,8.431013924633051,10.266442010641594,0.4211880957454909,0.25,5.0,5.0,1.3425196799928707,4.6222227338283055,226.03748699526795,24.778804265458398,0.7666488156841959
49,Belarus,,2020-03-31,1.1945734996001713,8.69160934021789,15.0,0.02,0.20646821495066595,4.999852653899757,0.8935289804665073,1.2999261204577697,0.174760659749154,295.8382545760958,30.400273261529982,0.533556683696377
50,Cayman Islands,,2020-05-21,1.5,-199.55075729702386,15.0,0.17076413911047006,0.24735567209238943,4.999411582117019,0.23658011246738248,0.5139747433161458,5.0,11.122477931299036,1.1632252561478547,0.47524341244008034
51,Australia,South Australia,2020-03-23,0.1,-199.99992378093302,15.0,0.2855392738917399,0.01,-0.19994403399828015,1.1320878964549121,0.2740767101564005,3.135009506084984,118.03085770488349,10.937267047727351,1.8402304835879202
52,Eswatini,,2020-05-02,0.1,-199.99547793412611,14.999555945246763,0.02,0.014562319190111936,4.9998375346960415,2.3442941197612677,0.001,0.4878912201126129,167.40932115480973,14.52563756310065,0.5223249725631579
53,Burundi,,2020-06-16,0.8165268373022241,-199.99956383063025,15.0,0.18741897741484106,0.07267404723545115,3.507938574954556,0.20069497801922018,0.1381710198594824,5.0,78.0693035688748,22.419289395429935,2.0
54,Kosovo,,2020-03-30,-999.0,-999.0,-999.0,-999.0,-999.0,-999.0,-999.0,-999.0,-999.0,-999.0,-999.0,-999.0
55,Canada,Nunavut,2020-11-21,1.4998649454403008,-183.99365731708627,14.89938641427296,0.45216092734012114,0.010928869336499716,2.540374902677388,0.0012646299358708274,2.490352431187417,4.999878292970805,33.43914752455715,12.250290488883952,0.20118662835958262
56,Faroe Islands,,2020-03-23,0.1,-199.99809203724195,14.999840173304989,0.3973322780862582,0.25,4.999540078159396,0.6807050149417003,0.20512817812161413,0.7704996424762953,280.4334388021066,15.407457877055284,0.8944475669002157
57,Laos,,2021-04-23,-999.0,-999.0,-999.0,-999.0,-999.0,-999.0,-999.0,-999.0,-999.0,-999.0,-999.0,-999.0
58,Djibouti,,2020-04-08,1.5,3.9686642218940404,15.0,0.5,0.25,0.2858802706872073,4.969453701173154,0.001,0.36455124815380824,192.28524906714335,18.010169328339593,0.49722414026058853
59,Colombia,,2020-03-20,1.138675304345426,2.1215898353326685,15.0,0.24679563530171147,0.25,2.683874517475702,5.0,0.001,4.999999049466787,172.74610852189545,38.579208225445406,1.0725382064519313
60,Equatorial Guinea,,2020-04-21,0.6805204713554018,-199.99998228213852,15.0,0.43777361986248947,0.25,2.337289135078305,0.001,0.39320864289124,5.0,3.6888269173486545,0.3793283292558328,1.7317754375124144
61,Guam,,2020-04-06,0.1,-199.99974899173603,15.0,0.1137930663967341,0.14773630677081415,4.997699394511695,0.001,1.145385692883283,3.432429509401471,217.01120200987873,21.732703736558697,0.2
62,Australia,Western Australia,2020-03-22,0.17161073118342832,-199.9977683310863,11.319991011739225,0.3638381529983205,0.25,5.0,4.997119976882898,0.33002636206971075,2.060087631061147,123.4620990495072,42.946685093232574,0.6737741939858678
63,Croatia,,2020-03-20,0.3171752401515894,-61.13086015310291,9.469008048540276,0.02,0.016252045624961416,5.0,4.5237544410267425,0.001135131660633386,4.726003901143519,9.695777234227933,1.4201592189083805,1.9999734668491176
64,Australia,Victoria,2020-03-18,1.5,-199.99987166851716,15.0,0.39658780968942475,0.24999960822990738,2.2358767371552135,2.7841509641940494,0.20839282448149707,5.0,186.92771270966915,75.03537973696115,1.817074599961005
65,French Guiana,,2020-04-24,0.10000609963507588,-199.99221383868505,14.998781232877677,0.4136291476867175,0.24995529284298282,4.999011104138869,0.6060790930998478,0.10028599533975682,3.1008039400372915,278.36988364377817,31.905743058294213,0.5329603818010706
66,Finland,,2020-03-08,1.3125563627652204,-38.290406988756644,13.158089669136311,0.13450219162467325,0.2069708966863707,1.3126442980426807,5.0,2.5341887160101613,4.947523409824021,48.81560000281207,18.682158898771792,1.0385945941873047
67,Cambodia,,2020-03-29,1.5,-83.01060231668279,11.375720686297617,0.020996022444888414,0.01,4.984282783635119,0.001,0.530441396417459,4.999643492425478,253.95520585417228,98.04753503346573,0.20001224977287935
68,France,,2020-05-17,0.11912139863809741,16.913534261966316,3.42156025768521,0.1753161535024499,0.05217161807731263,4.999865073608295,4.81434115916056,1.9162083433371777,4.808857250471156,124.9618915197694,72.14305581718686,1.3738746659276304
69,Algeria,,2020-03-22,1.4913926180754167,-96.62053501945425,7.355860989490797,0.17797286230448503,0.24997293843564838,-0.1994472108344169,0.001,2.211989633990174,4.997518620698562,113.9042833531783,56.55688302218046,0.5076867281706169
70,Gibraltar,,2020-04-08,0.1,-199.99873937537066,14.999344021641651,0.02,0.2499328013236123,4.281688033680573,0.11205044828575297,0.052807630358524156,4.672295285097043,277.4165112232854,11.908153802590538,1.9414951674852732
71,Dominican Republic,,2020-03-24,0.9681570579412283,1.4376037186297612,15.0,0.30349347420201545,0.25,4.999722157942807,5.0,0.001,5.0,106.48333473888079,34.65451624748935,0.9843778397929946
72,Canada,British Columbia,2020-03-16,1.5,-91.57799162715942,10.341187891951748,0.02,0.014264667702943063,5.0,4.809724398337034,0.001,5.0,24.7109145473402,6.490193239554092,1.919740683050318
73,Gabon,,2020-04-18,0.5553617987731797,9.73168059872571,15.0,0.3124180329777677,0.24999650579915791,4.999898968337963,0.001,1.5198033803343587,2.3262535189615985,267.3637362119607,12.275969384215733,0.20005189375356663
74,Eritrea,,2020-06-16,1.5,-199.99834573609726,14.592743448479611,0.1910972560294758,0.03716762522915321,4.392918571093793,0.0011836819346771436,0.11328536259615961,5.0,153.8743429586911,83.11927851285965,0.44912239481789673
75,Iceland,,2020-03-15,1.482109212644182,-48.5197851925607,1.0000009968277774,0.05595109765343092,0.06165857198060902,4.838440014460131,3.7063769345429622,1.5086855551156557,2.68382674784702,46.1961557105293,12.131290844772876,0.6717914481621194
76,Brazil,,2020-03-16,0.8345738146910859,-168.02642670632798,5.039607389618045,0.06551352519265251,0.2463247909496463,2.820144070485226,4.999930803371246,0.0023852822305497723,4.9970928884677495,4.442635017098017,0.22646724335539262,1.9998360510503008
77,Guyana,,2020-05-12,1.4999996455296494,-171.46757558395063,5.488000737245282,0.5,0.25,1.8078305332660172,1.2526413097665567,0.11048587877460184,4.190297357738018,163.10602451860905,5.11446263777774,0.2
78,Micronesia (country),,2022-07-22,-999.0,-999.0,-999.0,-999.0,-999.0,-999.0,-999.0,-999.0,-999.0,-999.0,-999.0,-999.0
79,Liberia,,2020-04-20,1.2733174015962208,-3.793734152875708,3.190668568412583,0.4029238848723221,0.24923969463676376,-0.1500537750014069,0.9265790115271303,0.3667667394113897,2.2134794294834137,109.65959703922272,8.291212759272133,0.29211880741939017
80,Armenia,,2020-03-19,0.7112616874818131,7.098250342151128,15.0,0.24093235937615234,0.01014396556974577,4.9997238473527,0.0011326347122306013,3.5708663275698678,3.1629115859576746,119.81129644431627,8.379554070248451,0.20020034970866943
81,Gambia,,2020-07-19,0.6315957310506608,3.7758399579879307,15.0,0.02,0.010000296272179863,4.645303653447128,2.4901303182170356,0.002345860232613927,2.4391803156796357,138.19445862663633,14.11305641499637,1.0507993519924466
82,Argentina,,2020-03-13,0.3213555507975817,-99.28168611011812,1.028968550032191,0.3205486770752507,0.07135513716786314,2.1687567839494006,4.999952271808699,0.001,3.103641171557427,0.27726545826231874,10.819812269830175,0.8518405877413966
83,Greenland,,2021-07-28,1.5,6.094989449992371,15.0,0.4497774206974086,0.020946674221261577,4.999912251447925,0.6845144880444084,0.001,0.29947823327946566,274.3477879304968,28.331467945023185,0.2
84,Burkina Faso,,2020-03-24,1.4238134494785273,-55.01446021794523,14.999858399594157,0.02,0.011903221752254181,4.999887172960279,0.001,1.2160857467647113,5.0,68.27325708115026,27.679264260421817,0.8302094744911542
85,Greece,,2020-03-15,1.5,-15.30601278847741,6.350423744137181,0.3087749930001772,0.05630321803167169,-0.1913526208721061,1.0772614271416816,0.4365488805456692,5.0,246.80507891722638,89.71336573557238,0.8902117402935118
86,Lesotho,,2020-07-09,0.1,-200.0,15.0,0.06717505034204858,0.01,-0.19972452176618025,1.1447157889188173,0.08803026301025045,0.8943721362708601,251.16252406127694,3.5341424567808333,2.0
87,Guernsey,,2020-04-03,0.1,-199.99901537523496,14.999993904602233,0.02,0.010010359310963807,4.999690586936857,0.5671504658512797,0.2576465248562114,4.660379214665401,241.34652934968472,28.90473818215336,2.0
88,Kiribati,,2022-01-26,1.4618876024096878,4.473765870435867,15.0,0.377734838763815,0.0937319344685649,4.623819081579734,4.9952611703275265,0.001,0.1820398241765524,291.1232347536784,26.856183074791225,1.089573053145708
89,Latvia,,2020-03-22,1.0824982978182565,-28.499487323569568,1.276812874488405,0.10003914769788054,0.1777451121570671,3.3141136332606718,3.309949446088225,1.3441029007590561,2.5284283046049434,64.81763655859892,20.77968667369408,0.48393622504203937
90,Belize,,2020-08-08,0.37224728233063364,4.25045470656427,14.58636405113197,0.1716737968915885,0.07311349210180483,4.868074860304399,4.9784449137909945,0.001795437534894317,2.601419189529242,59.36785382477683,3.496310939995374,0.7889797047524731
91,Hungary,,2020-03-21,0.10000027050477014,99.49235875149037,12.741770919336984,0.4807936702566878,0.25,2.035350166612129,4.999899246729342,0.45183615211944944,3.476134722096119,75.48906415186688,68.18253176209784,0.7801772919387622
92,Ethiopia,,2020-04-19,0.23644433726019085,-31.735654896679637,5.344788595473075,0.0200199813521794,0.03805851015261707,4.9988388957505485,0.0010772711000419852,0.5456450645786033,4.709479572220453,11.484920005177772,6.0424465376309655,0.26195546957918914
93,Lithuania,,2020-03-25,0.6486697828373387,3.753423306361026,15.0,0.4306835641851342,0.24849046269808928,0.40503883283265846,3.869081027581202,0.733322605694439,1.7323879310376569,152.91646275310472,17.466959379181596,0.694533580394189
94,Guatemala,,2020-04-11,1.5,2.657165146450491,9.202615459834252,0.3941534596184912,0.03887864771518216,-0.2,0.0011275494038554624,0.7532596583319258,4.999999599954509,258.5172746448349,69.43968015072277,0.30921489749148745
95,Fiji,,2021-04-26,1.4387066617519868,-81.06804592721575,14.997900921541804,0.49569704647794693,0.023495258806169754,3.8371754220604064,0.001,0.35919484057871737,5.0,49.61693433083441,20.7203898793559,0.3284129130916255
96,Malta,,2020-03-22,0.8218284638694344,-29.201049063457646,14.950933605639444,0.4895213458175289,0.22063203522448632,2.753347714794522,1.291986134194491,0.5150634366769714,0.4021308300636554,13.842524380424155,56.35212468523262,0.37361480398550306
97,Afghanistan,,2020-03-30,0.20641546754997236,39.60356068518845,13.490281161244784,0.38041987278732475,0.25,3.43094375886185,4.712392747199483,0.7841105158063937,5.0,16.71980285471069,1.9154766869386772,0.5574387182246933
98,Albania,,2020-03-25,1.4752332651512599,-55.16501990197543,13.576688134593217,0.428799517899647,0.24999995700617614,4.312851250645678,0.003514155110861056,3.57564320524533,4.999178663482742,49.16983754246208,20.17795507945237,0.2592570001215335
99,Kenya,,2020-04-03,0.1,-199.99757985177183,14.999688945537217,0.35462544044067473,0.25,4.999573536608977,2.271119651783378,0.27662022064529446,3.130651886020999,273.72447551187236,9.184267847162678,0.4345128164972196
100,Isle of Man,,2020-04-05,1.4540779902154026,-134.7959711658683,14.999064451045605,0.2221072689893054,0.18078603849813318,4.050610624838318,0.930854540100886,0.0014151474300779965,4.992370630169594,20.67769147726021,4.971749874872776,1.8654097078750786
101,Georgia,,2020-03-30,0.7006541282072677,1.2581288105972348,15.0,0.232079114506524,0.25,2.4183609038880065,1.1972988704436318,0.4614479573165152,5.0,144.74274176307287,49.81183818534424,0.6176053628420559
102,Maldives,,2020-04-24,0.14498417254142346,4.51073131152068,15.0,0.3700364191286694,0.02942203259392024,1.2145936098269496,4.573209911966746,0.9384761282510328,1.437517977440586,72.91700101028829,6.902755957659414,0.985551967344944
103,Guinea,,2020-04-03,0.5242633776325168,6.536409534016189,3.915889836513501,0.17493729901827368,0.07462949660602455,1.997824954114387,2.93859867642188,0.0016358695326681933,3.3053729229903968,159.40121599762972,93.57705145013232,0.4153107554642446
104,Malawi,,2020-05-26,1.5,-200.0,15.0,0.2025186139111678,0.010157845831744474,4.703647919139234,1.4337360412853668,0.8154524354944505,4.411905119913952,12.29016953665053,0.20316582738965963,1.997606158681527
105,Canada,Manitoba,2020-03-31,0.3835005612919003,-49.37207782305698,13.519853461692117,0.4524786116404062,0.25,5.0,0.001,4.9999494556914925,5.0,6.967190297210752,0.8526244442977656,0.24495907662269892
106,Australia,,2020-03-12,0.836846505393748,51.814354523680436,4.937885253029697,0.4040703874607533,0.1390823360425455,3.860639219312101,0.014477247824045816,4.100948563555687,5.0,13.178933439376804,0.12051402884640652,0.3268254535664442
107,Liechtenstein,,2020-08-23,0.1,-139.460827215121,15.0,0.3470080344712399,0.17594469969131832,2.2524434211843176,0.01958133167307886,0.4428691743647641,0.0,300.0,0.1,0.2
108,Kyrgyzstan,,2021-06-27,0.1564446039939783,-9.405458888062697,4.456792816211927,0.48055807069791495,0.24999085490755232,2.5939944456994017,4.938655513582954,1.9828043303772522,2.5224399106653195,66.75143026262751,97.2977519717784,0.3368605351248374
109,Martinique,,2020-03-30,0.1,-199.99991343174358,14.99956070508372,0.10959701721345337,0.22192384366619353,4.999727905878091,1.2177876573238475,1.5652604128829113,3.758880441323438,262.3060292671313,8.096149043235647,0.21760279925153253
110,South Korea,,2020-02-21,-999.0,-999.0,-999.0,-999.0,-999.0,-999.0,-999.0,-999.0,-999.0,-999.0,-999.0,-999.0
111,Moldova,,2020-03-24,-999.0,-999.0,-999.0,-999.0,-999.0,-999.0,-999.0,-999.0,-999.0,-999.0,-999.0,-999.0
112,Marshall Islands,,2022-08-10,1.5,100.0,15.0,0.5,0.25,-0.2,5.0,5.0,5.0,1.6639591722081486,100.0,0.5121026843487486
113,Russia,,2020-03-19,-999.0,-999.0,-999.0,-999.0,-999.0,-999.0,-999.0,-999.0,-999.0,-999.0,-999.0,-999.0
114,Canada,Alberta,2020-03-19,0.14013894357651757,60.40099344484986,10.335299520483993,0.4856502814073302,0.2386514953759362,4.533092944896481,2.7653056976291617,2.8772183787891086,5.0,83.85411559850372,46.115608888082086,0.6527367256394974
115,Reunion,,2020-03-27,-999.0,-999.0,-999.0,-999.0,-999.0,-999.0,-999.0,-999.0,-999.0,-999.0,-999.0,-999.0
116,Saint Barthelemy,,2020-11-13,-999.0,-999.0,-999.0,-999.0,-999.0,-999.0,-999.0,-999.0,-999.0,-999.0,-999.0,-999.0
117,Israel,,2020-03-12,0.47766479251306987,12.171456016724248,11.16020660762043,0.5,0.25,-0.2,4.289265821919262,1.4781889821749459,1.479855482732634,6.7606029170609165,85.08438264326139,0.53119149978068
118,Madagascar,,2020-04-12,0.1,-199.99378567132152,14.999435345725276,0.4896507030335553,0.25,4.989536946584791,0.26451802503121946,0.7876177134068776,2.397759499278239,194.14817976128472,19.614100130228543,0.2
119,Mongolia,,2020-05-16,1.4999663515003814,99.99737397687849,14.994866623800648,0.25152528504145044,0.24991516370651207,2.5085244601145624,0.001,0.001,4.999991043154013,145.41146347842624,99.9474424282765,0.2
120,Nauru,,2022-06-19,0.1,-200.0,15.0,0.1741387897400376,0.08883492962810415,5.0,5.0,2.1782527042506437,1.747616559267044,292.69717762991786,26.85521966119939,2.0
121,Italy,,2020-02-24,0.4419687238620891,63.81275355952937,14.666714646814121,0.30490559608525963,0.25,1.6993494443588568,4.684798180082384,1.4344900389524509,5.0,36.24553225055924,15.755515001645932,1.9888759300160874
122,Iraq,,2020-03-15,1.4999982457583356,-130.18953993332323,11.386265876248226,0.5,0.25,3.5837480085667495,3.7782885869888205,1.3787739795394047,4.999996015450524,58.998924069217104,26.946206094430227,0.2000727909192587
123,Mayotte,,2020-04-01,1.4991429133623424,-129.69519609851025,10.10070638392284,0.3908851617249433,0.25,4.99932144663457,1.6052803530282984,1.8351247266523951,1.305701831450726,102.97099247073749,44.54658266103995,0.31496412681609903
124,Bahrain,,2020-03-10,0.9309737172197694,-88.87899077327677,14.999537394288401,0.44229383953219203,0.010237368318323638,4.999883800892797,0.3367950626653901,0.463206113088758,4.999999216952671,8.75350624751658,0.7447114765781094,1.9998156681593593
125,French Polynesia,,2020-08-12,0.675742721921321,7.925319754900609,15.0,0.36884189957484204,0.038274671654068976,4.81114016513766,0.0014002346860977123,0.23644023580214196,1.5473668690733549,203.40679411374435,22.510205816648075,1.604828833903548
126,Kazakhstan,,2020-03-27,0.696688880520335,-199.9998801754425,14.99997977038775,0.21402123748559035,0.02950144109687552,4.999894457493684,0.0013839570703996216,4.866663926791156,5.0,3.9347600685815185,0.836043699335255,0.24101858548585353
127,Bosnia and Herzegovina,,2020-03-22,0.23533788033642086,99.99853052925978,12.222010374929056,0.396071720557827,0.25,2.9467391806826453,2.6323739807049122,0.09019187170156727,4.326891056812521,260.64518351246505,87.29862602173422,1.049710515213111
128,Australia,Queensland,2020-03-19,0.5666440567501047,-106.98837436125297,7.807768088914782,0.3367083445217686,0.16144909363274762,4.155049734094026,4.317388501602058,0.021632139623537425,3.981747673393273,249.60959437980333,91.13192694154476,1.2682529785849652
129,Grenada,,2020-12-22,1.471122333194206,-199.96099463851905,9.010635606909135,0.12597609612552138,0.2499476048278655,2.751417834224151,0.10276776370472937,0.06262200984560501,5.0,173.69613543605487,54.80285384243725,2.0
130,Indonesia,,2020-03-15,1.5,-3.2151050158049483,2.3955823548254482,0.24570855814040055,0.25,2.035152479962943,4.9999719724890594,1.3322044546636675,1.1745969517272123,85.73842792652101,20.22046788125804,0.6129592404379137
131,Honduras,,2020-03-30,1.496783259980519,-71.13053706846502,1.028678085348917,0.24276730839562768,0.01,4.835996948193305,0.7703814894452825,0.34508740564379264,4.999920429994406,103.31681438970983,26.4793264706399,1.9999932101407218
132,Montserrat,,2022-01-09,0.7504203684606029,3.33257920584559,15.0,0.20056591900521448,0.04675460250930897,4.972705056232165,0.6814590379556982,0.0011656705890805428,4.998363231891304,217.73841988476772,3.8961078583276874,0.4771060882762779
133,Philippines,,2020-03-15,0.8310269608070951,-26.617835844165214,7.879130048821814,0.15227302301737616,0.07100077476458087,1.1406514377874466,4.8995062275764525,1.430154951686398,4.416619482355708,128.98242881631262,77.78697161797753,0.34436525522181094
134,Myanmar,,2020-04-19,0.1,-199.99869435063246,14.99983101967507,0.24323898595986634,0.25,4.999568112339581,0.20128612991109104,0.2986495872299205,2.477430339308035,212.68920756445027,0.49833825373754903,1.121971478921808
135,Rwanda,,2020-04-05,0.7940834217619028,3.044232986194515,15.0,0.2425376169585233,0.04705316622378621,2.935474732835853,1.4330145935561753,0.00272717690588263,0.294733390212059,289.04354276508093,22.086139677868637,0.20810416531726852
136,Niger,,2020-04-02,0.1,-199.9999482208125,15.0,0.3113438116934207,0.25,4.999768134717159,4.998694898980355,0.0580094232839437,3.372737531084746,174.6463344440926,3.194251805700111,1.406373512453991
137,Saint Lucia,,2020-11-05,0.10002396055662938,-199.99637024168524,14.9992672610489,0.5,0.25,4.999355077818119,0.5405926608211041,0.0194026742002112,4.043369262255716,213.6743525468703,14.06660205443159,1.7296708649844592
138,Nigeria,,2020-03-30,1.421521285565463,-12.096650737232833,2.0362520567482454,0.02,0.24971262661660465,4.999986349155818,0.0018728541205235958,3.892795205372058,4.991676970511205,72.29153726561238,14.794452442607488,0.20070454793372522
139,Netherlands,,2020-03-08,1.4426756817356376,-46.22463688723355,1.0000001162266947,0.23538675078301993,0.01,4.999831612037398,2.874234570529429,1.1816570372011352,4.26921401824897,33.963171864427494,7.480858742962086,1.3805313613053773
140,Canada,Nova Scotia,2020-03-28,0.2649388248638035,99.99695636354244,14.65202408419907,0.13999801098790918,0.01,0.10399311789298174,2.607375545750231,0.33357736116379466,5.0,212.9877979195216,68.45225901746208,0.637056882992416
141,Lebanon,,2020-03-17,1.5,-176.5489127197016,1.0,0.02,0.019593718776293338,4.999813185402291,4.454117449286626,0.001,0.1400202958630754,139.93700873774537,99.99985369157994,0.7706692661277398
142,Syria,,2020-05-26,-999.0,-999.0,-999.0,-999.0,-999.0,-999.0,-999.0,-999.0,-999.0,-999.0,-999.0,-999.0
143,India,,2020-03-15,1.4943176876733144,3.46658016749801,15.0,0.3331275524468236,0.22732961561666248,1.8464272536547182,4.9368431118960086,0.0026698167552067775,4.999614659350912,12.294762176799875,0.40457263349865114,0.5568015356857501
144,Luxembourg,,2020-03-22,1.4966891807038316,-7.715359142136471,9.771605317588913,0.2476713096017651,0.24930937343802068,-0.1997377792401641,2.905890193956136,1.1968947978912374,3.1853103037100547,133.16257169029439,50.78317976741059,0.4898220935856546
145,Jamaica,,2020-04-16,0.6909262266801395,-39.18347764364327,12.087708017976674,0.5,0.25,3.560005381182861,1.9793372184128109,3.856215741369982,3.9196405541855754,160.29269608716368,85.32801622486934,0.20027574735106782
146,Niue,,2022-11-22,1.5,-199.9998060873193,15.0,0.02,0.025031556395453743,4.999278661133671,0.6838027843900311,0.001090722740983095,5.0,2.5198009753513255,1.3278174880396194,0.2
147,Jordan,,2020-03-23,0.1,-199.98936078980284,14.999306307483351,0.399251082824672,0.25,2.2995488358863407,1.5707528063791625,0.8853356582464348,4.99979654054608,63.18206258889063,16.893692111613113,0.9316380441163732
148,Germany,,2020-03-01,0.1112342185317707,52.57550463723136,1.481383690137445,0.33892822410953655,0.24992598432240462,-0.19053960352895022,4.318481398523267,1.7366053398368224,1.298905806605019,6.508428405622579,99.99588729210934,1.2809119184368527
149,Paraguay,,2020-04-06,1.5,0.10883058527400355,11.65418461516143,0.02,0.20235447656299707,4.997711519312703,0.39756283404433296,0.3624016342128806,4.747370553142895,154.10605395832332,69.27715810717267,0.2365746088035035
150,Mauritania,,2020-05-20,0.7775625203067748,7.963636152913583,9.835251758136012,0.24468095543880025,0.24545784767107628,-0.19565506446736952,4.9968244047159285,0.001,4.999434191629112,78.8962839411236,17.958240490633614,0.24920354809289433
151,Monaco,,2020-08-23,1.4998939579843278,-195.57709859620695,14.60192258090886,0.3748999313902484,0.01,4.998229628542915,0.001,0.8931114346955557,4.999729284893541,70.67764532671148,29.249759269563803,0.2
152,Turkey,,2020-03-19,-999.0,-999.0,-999.0,-999.0,-999.0,-999.0,-999.0,-999.0,-999.0,-999.0,-999.0,-999.0
153,New Caledonia,,2021-03-18,0.11776451536964314,-199.68810579914856,14.990131201706347,0.463191248543846,0.046724529262197036,3.3339089699804667,0.001,0.6373870905376774,4.8727619129532,15.966722270599915,5.883721560293473,0.2
154,San Marino,,2020-03-17,0.1,-200.0,15.0,0.2746542162200521,0.01,-0.2,0.7051933606934493,0.23238531799967613,1.059113085269928,68.2657453045249,8.365744663429385,1.9986928263614607
155,American Samoa,,2022-03-01,0.1830489491572592,99.99876253785459,12.736026522661513,0.5,0.15878178340064605,4.2754629901796,2.813905345631748,1.7716782106172302,4.99900694581427,144.09391644229146,89.28931090495277,0.3783437459092451
156,Tanzania,,2020-04-18,-999.0,-999.0,-999.0,-999.0,-999.0,-999.0,-999.0,-999.0,-999.0,-999.0,-999.0,-999.0
157,Qatar,,2020-03-12,0.1,-199.99964834031067,14.999975856906829,0.18001987067743722,0.01,4.999924488548516,0.3951918436023944,0.238759899222955,3.302646190487348,103.0911288218145,11.060254014545142,2.0
158,Guinea-Bissau,,2020-04-30,0.7052459831124566,8.178714018258628,15.0,0.13637626774185532,0.13987759706901828,0.48518342197553616,0.0013991357606422518,1.2805682547245476,1.695175164527325,130.13313665487408,3.2977209852912552,0.4743044032412288
159,Ireland,,2020-03-16,0.27531185454445045,-154.7250311345249,7.359381431902051,0.24910680829048237,0.25,0.5975829951083547,4.682297241896867,0.8695778862676031,4.684292342219122,0.0,7.477719190183314,0.971097867795094
160,Saint Vincent and the Grenadines,,2020-12-21,1.0449492470411708,9.270417791968514,8.105113589627562,0.4993227533235655,0.24669391807173363,1.9714895783369324,0.001,0.04166511815602341,1.9646729584313762,293.4578221937486,34.87417120742209,0.3036770164154387
161,Saudi Arabia,,2020-03-15,1.5,5.043866999576088,15.0,0.020062832410821345,0.02821405919448934,4.999959678912953,4.931203651083321,0.001163135572008757,4.5911654591185,281.07792045359076,30.439796904099218,0.5218767349034882
162,Samoa,,2022-03-20,0.4120524149883481,8.607942337980088,15.0,0.03208799819131728,0.23776486980484807,2.9233650931758337,0.1340174492501201,4.988225866348122,1.0671955547222751,227.60974395627068,15.41840215137538,0.6059807447519734
163,Norway,,2020-03-05,1.5,-199.99999205101088,15.0,0.02,0.25,5.0,3.154582498657876,0.04209894351404605,5.0,1.17274136318934,0.7940935206799281,1.6076418151100036
164,Seychelles,,2020-07-10,1.4976918611679144,-160.6283754135201,1.0,0.5,0.03202678886475653,3.4634070774754764,0.8245449218783982,0.001,4.121919392512295,218.2685688095273,39.475963081835424,0.2
165,Mauritius,,2020-03-29,0.18471670676835575,93.71453590640206,13.535919558811905,0.4552694755958722,0.25,2.3278234799070403,5.0,0.15709185821056448,4.999914624634437,139.71587287413385,44.05755597615409,0.3637385590106491
166,Malaysia,,2020-03-10,1.2133965895536232,4.592891733284688,14.9999301969945,0.4948995562437153,0.22607363067108305,4.782742202655536,4.992514821420133,0.001344019578438184,1.950632744361032,226.93996040733407,23.33746907082594,0.8394985303286644
167,Panama,,2020-03-20,0.8546056453105338,1.6120463184707583,4.344509054938143,0.055698178322544034,0.12387216919039133,4.180950606856835,4.724308971661369,0.003554103506702858,1.7945616576007122,17.364270968326586,2.7479458745934178,1.55999904056581
168,New Zealand,,2020-03-23,0.4018402983730836,1.8816274126664112,8.910294607199996,0.2624242249686214,0.25,1.7193200942360998,3.8979411265133583,0.9668791754213647,4.827151524684583,125.34948989659671,27.555275227975095,1.4264648452291777
169,Sudan,,2020-04-21,1.5,4.4322954113457635,15.0,0.02,0.0303155645104811,4.999504555438581,2.571246582535044,0.0036897647969156106,1.0618415033823112,285.8826365678899,24.35777809549419,0.5713641527652745
170,Sri Lanka,,2020-03-25,1.1433236802393474,-153.4804718326707,13.405680577794458,0.5,0.25,2.9393222798598764,0.3946658634516389,0.07344039462924697,1.7007093607356163,168.091438567704,98.59901122563653,1.361657504654732
171,Belgium,,2020-03-06,1.4999987302208795,-87.16018763880506,7.914963141687775,0.49989872337422053,0.23904015033243575,3.0423611923209695,4.578889598071426,0.0029780658838969177,4.078917856993735,119.31305920669969,60.187064913130534,1.831956016639341
172,Suriname,,2020-06-08,0.7169417712045358,4.242704250992297,15.0,0.2658280636524963,0.015692294851302295,4.994668097479144,0.4137570606585153,0.11078291272777085,1.0575998575587846,286.57292817385746,6.592448748136951,1.6535522475826856
173,Mozambique,,2020-05-12,1.5,-157.42416809952874,8.700665455882373,0.3971434110804204,0.11939646125468117,4.9924822700217755,1.5692143711477693,0.9027758796742527,5.0,140.55819619334602,57.79572020361645,0.21923546487876386
174,Saint Kitts and Nevis,,2021-06-10,0.110827818694228,4.835045909713763,7.65444357321875,0.020000182650414363,0.011743733520822839,4.999760550902748,2.4474515615158605,0.0010243564550259255,1.8727441493161059,79.30995467067733,71.21030669111997,0.90047045732726
175,Libya,,2020-05-30,0.7938970120731217,-66.6783921846813,9.574375356017558,0.020000143141212637,0.017320771984485336,4.993715163233526,0.010226726221619974,0.7717048998229875,1.9301099220254363,4.913608041394728,2.485938178143881,0.913535741834343
176,South Africa,,2020-03-19,0.756985095384813,2.8456864299144313,15.0,0.2689285332110722,0.018088219882190074,4.395352575741911,5.0,0.0010062762421918343,4.233649896249663,120.53403432759933,12.74996957434188,2.0
177,Palau,,2022-01-16,1.3838553818734305,9.401409892727258,15.0,0.09979643194302386,0.23055134559734017,3.580748140104692,0.10728920680954,3.8722793789289054,0.19320526380824266,219.492382607732,27.279416497315076,0.21827002607464394
178,Ghana,,2020-03-27,0.8479451536698471,7.3821730802028265,12.955231964665519,0.2247451334622299,0.010967511513792208,4.999991971220888,0.18100663845477477,0.0416901937979126,3.564692043649899,143.04642306420988,7.89769722952831,1.6553631965615043
179,North Macedonia,,2020-03-22,1.4999998588121308,-59.100524673130714,3.003365084838074,0.4735595847196249,0.2488884392196689,3.073283509027615,3.9302680586526044,1.5195031876287135,0.251011000439432,57.14378331328439,55.93359556623695,0.29828135556251556
180,Portugal,,2020-03-15,1.5,-26.174492188417982,5.4283516708166095,0.24539458088189003,0.01045171203089966,4.960023620819888,4.565043512826879,1.8314606991596238,0.29158034251087805,93.25802173565619,79.00179064314177,1.0160961198851761
181,Nepal,,2020-05-07,0.7265550237361239,3.0412858152202182,15.0,0.02,0.01968111328238704,4.986258890659534,3.837999613962165,0.021083911454754075,2.7845718634167334,223.13491016473176,24.62168228350621,0.6303396621824487
182,Papua New Guinea,,2020-08-03,0.16873113238619775,-54.0363751301261,1.018148716413641,0.33092694402027717,0.25,4.997776123461554,4.660230605354221,0.1541146449775368,0.6421373256273863,135.8783462921317,16.075656882004743,0.42587669614104207
183,Senegal,,2020-03-25,0.1,-199.9993091116421,14.999869347406328,0.28389541192233075,0.25,4.999596063334819,2.4672096931111773,0.7746703096219499,2.5588986645752207,214.95234070602123,11.944097493397981,0.5641344087314284
184,Sao Tome and Principe,,2020-05-04,0.1,-199.99820631825384,14.999915131932745,0.02002631358252561,0.015316566675431858,4.99984636372205,2.345503238768947,0.001,1.1055402089576072,237.609325438651,26.227256408701827,0.3598201866997773
185,Romania,,2020-03-14,1.2052069999613817,9.002365453992622,15.0,0.02,0.0407546283607444,5.0,0.08776059467170884,0.45077182136219685,0.6206729965048217,295.0202862616961,5.375108489433336,0.8010700677843355
186,Ukraine,,2020-03-22,0.17845300676808168,25.39137342250901,11.662668577526702,0.020239463617184355,0.24949531563036326,4.992109794013197,4.999984830345168,2.0109240085651097,2.7363499097585344,175.58049892188737,41.17975866109153,0.6509903402548775
187,Sweden,,2020-03-07,1.499908302437577,-8.879296118922634,5.527904397759838,0.25658474065713593,0.01,-0.2,4.539401185398368,0.747333915495648,4.101827921084296,229.2828897572239,47.16249095540288,1.7556738610409839
188,Jersey,,2020-04-03,0.8702416337845266,-199.99902427876313,14.999549119614324,0.2582516616202896,0.25,2.889459179844806,3.7885807102828175,2.186614731437922,4.999983624091999,11.20520720893897,0.2196061863910245,0.200953080773688
189,Pakistan,,2020-03-19,0.7350280034022758,4.662875179341248,15.0,0.020041674315935645,0.029951556199965246,4.999793565709657,0.08190918233276631,4.994914105967677,1.610014697155501,103.53306901112683,3.5176845518320534,0.3557276341361939
190,Saint Pierre and Miquelon,,2022-01-05,1.5,8.200885501216401,15.0,0.02,0.015441612620152428,3.9470982528976997,0.7768575199047474,0.005265751241977044,0.5881817585405599,82.89545403146373,98.03686905186342,0.2
191,Poland,,2020-03-15,1.4914487138057686,-0.7916467485778341,6.096964957971913,0.3703872104546399,0.25,4.996080673250712,4.944722674759542,1.1923373831130244,0.5866773844116198,7.143116187611156,1.814160873204787,0.8195945471841694
192,Mali,,2020-04-12,1.5,-138.77595868674695,1.0,0.2625546930232931,0.25,3.536826112670904,3.6352628834788883,0.2649266535606354,2.6364854149989836,236.752423524558,100.0,0.46929855463265274
193,Sierra Leone,,2020-04-29,1.1066321852122394,-49.19791417967152,9.541375493125088,0.2647251268470301,0.25,4.999829690977548,0.4170999210434788,0.1641732653218365,5.0,160.48924658648284,75.52380312577144,1.9999561561768262
194,Slovenia,,2020-03-15,1.4999598552846483,-46.03115445777686,1.0,0.5,0.13529522223390003,3.6699447376435574,0.43446364568072005,0.18957721787292672,0.5021006267349876,97.83202902382723,20.875397593398123,1.7428022676440484
195,Puerto Rico,,2020-03-25,1.4977370673744137,-40.733333855976376,5.588273747028591,0.4755147411987677,0.25,2.0027039926509986,4.999831398734612,0.2890207270504851,3.051766898483038,283.0104814999138,33.369500105413614,1.0529813204551202
196,United States,Massachusetts,2020-03-12,1.4999970696518667,-199.63795676327717,4.343792633001028,0.12151388770984478,0.24121969847433464,4.58630132942878,2.119463651219829,0.7511585472754093,3.8673540623379257,39.20304473209276,25.912501149101,0.3007064454471541
197,Slovakia,,2020-03-19,0.15528179532979264,99.99812793179517,14.999722221308712,0.02002419351418771,0.25,4.999483447562357,2.2117341577912413,1.2001758354189629,5.0,137.7930622870787,91.73801911244982,0.4465445145909847
198,United Arab Emirates,,2020-03-18,0.8766834011889073,8.66193835726725,15.0,0.02013176764256404,0.038518865551654936,3.7038653261460563,1.8400381213829957,1.8067948745476816,0.40637160750882373,199.84719472714846,24.199074828319276,0.2000373818119233
199,Trinidad and Tobago,,2020-04-07,0.1,-199.95711215865714,14.99736169936336,0.30983416149503856,0.24982030072665842,-0.19601908323757802,0.3490342606099804,0.2583283713230151,4.85457305988081,205.22681732524075,24.152265685724252,0.2100612550014917
200,United States,Nebraska,2020-03-27,1.4999903469906035,-104.92270946286393,8.561000553020758,0.30447860261467735,0.25,3.6365478007668037,4.659101209292571,0.5606499046983299,0.43216879591039004,45.03226217078523,83.70258537990941,0.5780818433113363
201,Guadeloupe,,2020-03-31,1.5,-51.01881313343812,14.999103799962922,0.5,0.15675045222867542,4.997821439021247,0.0010054554615995341,0.4879722738424414,5.0,201.60390494167763,70.20774997606595,0.5535312138540401
202,Thailand,,2020-03-15,0.38858718310201934,8.27454908625527,15.0,0.02,0.022090186315201654,4.9999359025481,4.485656175172255,0.0010046744778083154,3.335698635007276,200.48240570906762,12.467693635920929,1.6473539812294404
203,Tunisia,,2020-03-25,0.6407791599540159,3.525564561888242,15.0,0.4197578972864987,0.04231719908459744,4.79193419689096,0.07923606526356121,4.919673390783682,3.9101386361423422,274.92039079210895,21.71488151415617,0.26928521365035735
204,Haiti,,2020-05-07,0.28461947385872144,78.73128923167724,5.467794701909664,0.020048971039307858,0.01001747985447142,4.9994508429230144,0.002152301800793802,1.8137390890445835,5.0,7.18856693121513,2.396725226058093,0.42704262025481815
205,Switzerland,,2020-03-04,0.6882449770806687,28.587690028802793,10.474305235332938,0.020372901214095046,0.2386456929429314,0.8857606504740483,4.997322878121113,0.028710206867130765,4.049108953650845,12.49814771736011,1.0040873145106821,1.7441885633038114
206,United States,Arizona,2020-03-21,0.8341895309753068,0.8803402623102544,3.997306461152073,0.020030661533010658,0.06885809316880324,4.999857087813283,4.501528161611264,0.44013060048657215,1.5644666400423417,6.206404327124011e-06,2.0616297305497464,1.4761314950680702
207,Turks and Caicos Islands,,2020-07-31,1.5,6.28402480996813,15.0,0.1305164764122882,0.14269623193715658,1.082113745409007,0.9635363076252417,0.001,4.605516242567845,233.8652382718858,48.19941847124475,0.26986413409015564
208,United States,Colorado,2020-03-14,0.9063675065169501,11.10721588088436,15.0,0.02,0.040480994111334934,4.999996039001408,0.0850911185496126,4.941483592603608,1.5252932762448719,190.26513852337007,21.5443939957049,0.24831990040287133
209,United States,Rhode Island,2020-03-23,1.5,-59.21988517216589,1.0,0.18427591904650575,0.25,4.999908159693742,5.0,0.001,1.4978183155353044,165.4178185067086,86.45648687435505,1.0433980252012904
210,Japan,,2020-02-22,1.5,-89.91876579614122,8.004048506597522,0.5,0.040126847847500396,4.996347241073651,0.0018476913046621209,0.9696254954798206,5.0,135.69408476365183,58.8806177266932,0.8553235908689335
211,Tuvalu,,2022-11-05,1.5,100.0,15.0,0.5,0.25,-0.19992720465097358,5.0,0.9011088358080243,5.0,2.395894784251425,100.0,0.2
212,Oman,,2020-03-27,1.452788253346419,-87.81187072792207,14.976221473403365,0.5,0.25,5.0,0.05999219273397526,0.7219795787737808,4.9837799837995815,52.382831910809095,23.0172110950122,1.040500237081688
213,Tajikistan,,2020-05-04,1.115484506721797,-159.77544983946657,14.988480751763975,0.4549624497393262,0.01,0.7341122000722813,0.006986015570922729,4.63015090585793,4.51505402389883,74.34840321644683,36.89553714467721,0.5077854370018777
214,Venezuela,,2020-03-28,-999.0,-999.0,-999.0,-999.0,-999.0,-999.0,-999.0,-999.0,-999.0,-999.0,-999.0,-999.0
215,Vietnam,,2020-03-23,-999.0,-999.0,-999.0,-999.0,-999.0,-999.0,-999.0,-999.0,-999.0,-999.0,-999.0,-999.0
216,Serbia,,2020-03-20,1.5,-21.97229650987398,14.998856846411117,0.38445109731796523,0.11527406829037774,0.875240820479161,3.3377668798855264,0.17180966905756023,5.0,195.1459572522059,84.89803636579057,1.6535797095675908
217,United Kingdom,,2020-03-04,1.326136206248786,-24.82353601275571,4.590953026034773,0.3907826369881386,0.24795028002340355,1.020096988340003,3.0099263953127835,2.6656500149967894,3.709751889538378,4.080417725153307,1.9129001838999298,0.21107708809494088
218,Spain,,2020-03-01,1.3781736436663936,-45.84352488833216,1.000247374484506,0.2176761207183323,0.010004361149752474,0.5394932104940157,4.9999970916316085,2.0320163327152376,4.323221817259787,57.089602111554235,15.15848991899811,1.982168533235113
219,United States,California,2020-03-08,1.5,3.015536604618051,15.0,0.47153647925537184,0.01,0.640078574270831,0.0016787996053457,0.5120883838052727,5.0,92.30724485313773,40.44970003932899,1.3286090702303193
220,Palestine,,2020-03-30,-999.0,-999.0,-999.0,-999.0,-999.0,-999.0,-999.0,-999.0,-999.0,-999.0,-999.0,-999.0
221,Barbados,,2020-07-13,1.5,-21.8705977778694,10.18532252223743,0.29730411555034414,0.2480394702719028,-0.16197392870580485,0.030216759264856,0.029392866700091863,5.0,53.57805763055905,21.826698208887862,0.3856680815836379
222,United States,Texas,2020-03-17,1.5,5.262552375278973,15.0,0.12368165631024354,0.08103271586491083,1.2951790549223337,4.9892944586099945,0.7415501106959388,0.1181138214155574,13.58986143798228,83.95538673862907,0.7281576931833053
223,United States,District of Columbia,2020-03-23,1.0531525994397093,-103.56140598039744,6.209492864969235,0.02,0.030563223110288248,4.999908340321272,1.75052856777978,0.48152867765509555,0.9937721804739593,19.831538763291842,27.655207768492954,1.377225605123675
224,United States,New Hampshire,2020-03-23,0.5781519426298386,-39.150878859631746,7.032053351466047,0.5,0.25,4.669279419784971,3.9768121761605366,1.0195188055836606,2.6027902007617185,4.944170489170381,1.8907405557740264,0.6007493520067086
225,Uganda,,2020-05-18,1.4995231962663562,-144.7252007194898,5.2912829525412715,0.47035147166615754,0.25,3.5351535600448605,3.2470696664380516,1.2692594911835238,4.999065368511106,64.67013751990186,28.85668999634301,0.20075156944985184
226,South Sudan,,2020-05-09,1.0367779337703786,-199.99993175223977,14.999897475801887,0.5,0.25,0.328114599963651,0.001,3.26905751465964,3.776867708339241,4.3913263505741105,0.8505504096009616,0.2891964287022243
227,Tonga,,2022-02-13,1.5,-75.18737557379494,14.995955041497217,0.021513265939337677,0.25,0.5441643011264649,2.4943056707478224,0.24142614649422625,5.0,235.55671478430682,96.81499978724034,0.4442852119885
228,United States,Washington,2020-03-07,1.5,-2.59941844689634,11.108893065800707,0.04384259026215488,0.041265355964566666,4.520695631738411,2.477844525125114,0.6996346317033681,1.4968711231277139,22.67123759606588,9.672618372069557,1.9379501656601885
229,Solomon Islands,,2022-01-21,0.7246289157809824,10.391134891049097,15.0,0.5,0.2499157720340005,2.7805952046484483,0.001,3.4707335946831623,1.7557152609309417,94.2501749036163,21.871944152731622,0.46419480761107956
230,Angola,,2020-06-11,0.8374693000291911,-199.98828542536253,14.999949684651321,0.47683976473538464,0.1949340686587167,3.1617305237039726,1.560416894644441,0.6497862174100751,4.737373710374615,9.09118929979485,0.7917629025124796,0.3205637844218934
231,United States,Minnesota,2020-03-20,0.338921073445616,7.366438103414468,12.647151524342823,0.4965284557812246,0.24851891412458782,4.820378995668677,3.799001800330316,1.7204962800754724,2.3962141852402636,134.75654131532593,70.04600538435433,0.5078312559048007
232,United States,Montana,2020-03-27,0.36029770121438975,-59.31531765828134,1.7372316915047237,0.02,0.25,4.994667654818144,0.9274268304080667,0.17024302906226368,3.285959924680104,240.65968591972918,97.4903808051608,1.9996877184041433
233,United States,Idaho,2020-03-25,0.477403761380183,3.176473172080153,15.0,0.2804263396278322,0.16351665904058563,4.356748910466628,5.0,0.001,4.040274471181206,211.09881779419248,27.544769692509526,1.866992243004466
234,United States,,2020-03-04,1.5,-199.1277087138005,6.9931621722073265,0.41756995504084143,0.25,2.5030099812999995,4.999998236417637,1.4179382507428104,5.0,56.44899050341664,30.103333595623603,1.1477441655547682
235,United States,New Mexico,2020-03-25,1.1991683694687754,-94.44108438491959,6.861239418901817,0.38898248536878866,0.25,2.5412936735297706,2.3072890950793044,0.46827536028851546,2.0656456578061313,41.13595207421801,22.8674677694763,1.1409319841835237
236,United States,Maryland,2020-03-19,1.475371700631846,1.0936749654905336,7.109318367486111,0.28726737146949344,0.010184363658467524,1.7576418922542107,5.0,0.10776495259657835,0.41782763313786836,11.14128756929045,99.37243930667319,1.0463893934266773
237,Peru,,2020-03-18,1.5,-112.13147229921809,1.0,0.02,0.02190190772309582,5.0,1.7205290263881428,0.38223369948110714,4.793572320848822,14.6394796595025,3.098298312479508,2.0
238,United States,Virginia,2020-03-20,0.967248819075316,6.956183192542139,15.0,0.020318964140128484,0.03583689699429275,4.999361893398447,0.03521658863089,4.249834979669801,1.5531161755587934,245.54621209589993,28.151605545284248,0.32979655111038686
239,United States,New York,2020-03-08,1.5,10.100021293096974,15.0,0.15561951832368098,0.2410461579117708,-0.10442897434903282,2.2137951556290147,1.1714603097434058,1.2569504120236925,17.61373074878162,44.95233425794759,0.2
240,United States,South Dakota,2020-03-31,0.6217655479771967,19.294247861936075,9.05378866892343,0.5,0.25,-0.19960239133714128,4.9989433684681,3.1574554258073118,4.998519386633747,223.12493656986354,51.61143327921809,0.20188068399005638
241,Uzbekistan,,2021-03-28,1.4894851362838217,-60.49130038894821,1.0006721859910694,0.2589953419995772,0.012703419049610365,3.748998806299478,3.2818210091882016,1.3182781150976217,3.5427964615910272,165.82546799438396,54.26874010235449,0.3582785641754925
242,United States,Utah,2020-03-20,0.2868885040684221,35.397240406646894,12.843658603324894,0.3266318414446378,0.2497925472104212,3.9932612932976452,4.999995539870057,0.001,1.947262906414375,279.9984181777818,24.1897192659762,1.2991019215744826
243,United States,Connecticut,2020-03-19,1.2712761762420761,7.14861698024363,15.0,0.02,0.03673326363878505,4.999844944516339,0.045301533311197933,3.1227329633865866,0.2787995530954577,256.5927839276129,18.077753088702572,0.40074806029031723
244,United States,Illinois,2020-03-16,0.4308793781893505,78.55759921590456,12.526264561573797,0.4729444936162275,0.24996587094779824,-0.15381687847105757,4.9326511457309135,1.4633029295629527,4.999995511741071,101.52924600109729,51.60040146017326,1.7301941862186425
245,United States,Kansas,2020-03-24,0.4396424962451139,-148.8389195576319,5.19264579920072,0.5,0.2227025607557502,5.0,4.677868404040096,1.0554376277931468,1.255755561577763,31.45860739698799,91.76924333605491,0.8423461879662628
246,Somalia,,2020-04-18,0.3641821777218524,-104.42054824332197,13.671007029974868,0.12189302919529355,0.14486031895978796,4.999164956681629,2.4180842535028093,0.001,4.834855683136254,9.310020541415645,0.7700877313624431,1.8995010292216623
247,United States,Hawaii,2020-03-26,0.27834363117771477,-199.99785287089549,14.99975036095536,0.02,0.026490676153326728,4.999923047461097,2.7280297358884713,0.059164767084418,4.9948136313307865,13.665085111293527,2.840789882688535,1.4064957519041317
248,United States,Oregon,2020-03-20,1.5,2.2501320897591035,7.877139648356548,0.20955959119597503,0.25,4.999923334303816,3.5706678513837677,2.6431543396631136,5.0,226.34149058016584,55.735496701911515,0.2672919027655601
249,United States,New Jersey,2020-03-16,0.539652944749038,8.848564105321941,15.0,0.0217485030268739,0.19134036459423828,3.031766920006909,0.006186066097939321,2.807592575098524,4.065271536403192,5.373022831350155,1.957040979503416,1.8028311195208249
250,United States,Wisconsin,2020-03-18,0.8010190167008463,-26.881734040512264,4.31417068300364,0.02,0.02024949858831622,4.9999493490283475,4.999990744728257,0.004337494859200164,0.5592048011390276,19.95830478780377,90.58641303737495,1.8835723144307677
251,Wallis and Futuna,,2021-03-11,0.1,-199.99932544876066,14.99985471157993,0.02,0.043924563312590356,4.999996494091149,1.077533788728622,0.04035222556769884,0.2206214489172389,192.55732651323228,2.860938503321299,2.0
252,United States,Maine,2020-03-23,0.7459951831564492,3.759917079469553,15.0,0.020020602282440722,0.027495150839032232,4.999978258244611,4.739186417517467,0.0018125431844519795,2.623731106719788,294.61466220549073,5.415546658420089,0.5021700576036545
253,United States,Michigan,2020-03-19,0.7474319117403616,1.2970027351815245,14.260223095970225,0.3148697253785845,0.25,4.5336961061969685,5.0,0.7188189855085871,1.1998328355638965,8.075598519553203,79.24615662106768,1.380204814698434
254,United States,Indiana,2020-03-21,0.9817605231858856,6.630158415122485,15.0,0.02,0.04221061523582788,4.99990865421894,0.03810633082826723,4.999996104156673,3.5891180196776986,135.9767423226242,14.456917242146067,0.5729757947125905
255,United States,Pennsylvania,2020-03-17,1.5,6.792176462606599,15.0,0.02,0.04434810455536658,5.0,2.890561342972006,0.003742363255977534,4.472630592586344,52.88798522976431,17.63388747576447,1.9402225277778131
256,Yemen,,2020-05-16,1.291858791023807,-2.6734745631739076,10.674433350357294,0.46057660061389305,0.24990699087054383,0.5650338903099181,3.8180857366965473,1.5180437618329348,1.5051515300307505,53.14478057608479,12.601636212994016,0.25392895440704916
257,United States,Delaware,2020-03-24,0.6264382761618572,-33.112981230900225,7.747965123936776,0.34096557866020566,0.24987887135500914,-0.199923645081185,0.008017860760796039,3.6278762167838696,3.9135113645657156,65.25607408820849,48.82093849238518,0.29549595145152485
258,United States,Arkansas,2020-03-21,0.5319053173212548,1.7016828623171727,15.0,0.5,0.013238033778058505,-0.199849425219351,1.6015086921855388,1.6057467382039534,4.332056899918737,153.8089305856031,76.14002945476092,0.6750980598296381
259,Singapore,,2020-03-01,1.0796260372035185,4.801907497866885,12.985158512732681,0.2112374312547701,0.12303151543795224,4.999589252067276,0.5403155848014698,0.11405567424258187,3.105921922338968,299.1950689719925,80.47151420162034,0.4584886138040241
260,United States,West Virginia,2020-03-28,1.1938197677898867,4.701718994264388,15.0,0.18860838176904746,0.25,4.308420553401783,0.001,2.23816032126658,3.4247153184828605,100.56475030481886,1.9110604919483678,0.2
261,United States,Oklahoma,2020-03-24,1.5,1.4560719886033946,5.8199747211909525,0.020110787366209516,0.025151541184549646,4.672243036740111,4.293245945808101,0.3588466911402571,2.1494004900855934,250.82626208977103,22.520005457061053,1.1232017126039542
262,Uruguay,,2020-03-23,0.19699292955510175,2.9830099706789315,14.807085329428846,0.43789580148857415,0.0825331648869676,1.266206155487771,2.436348679859526,0.8905366586606808,1.7831396907567978,287.47923564561665,32.59718887924843,0.5747473482685898
263,United States,Missouri,2020-03-22,0.6692289605852172,-45.94516469359849,6.744632383990108,0.1938116582743394,0.1217446434534051,-0.1993374890764105,0.9989181759516187,2.9406460578036473,4.26349929585848,3.3175372500708304,1.553101434236412,0.7272470127130094
264,United States,Louisiana,2020-03-15,0.9707691894625566,10.585255063882565,2.26786080126185,0.3299782163692065,0.24883904565626935,1.3033971171361316,4.986356558958309,0.00139069841084494,4.997101728898013,254.20899840247046,60.422648411302355,1.9968059557470574
265,United States,Tennessee,2020-03-19,0.3580262695484383,91.21829499406226,10.623846857486992,0.49999953156902976,0.24159070192456472,0.8359144630211787,0.0010940382316836366,1.966273117828654,5.0,22.223020486605705,8.910822570283152,1.7542310557089933
266,United States,Ohio,2020-03-19,1.48080889674587,1.9474349719232942,12.875883987397492,0.3328895733833612,0.25,3.1326563112305634,4.999870376774406,0.001,0.8105857627564013,31.59861839065655,17.430952566728525,1.6406776558385017
267,Namibia,,2020-06-26,0.8405139102670766,-199.99986459193502,14.999886009272254,0.1553820811756998,0.25,1.0645427289376947,0.0013576925053472872,3.2660524024286537,3.963963148160054,3.4915696660850126,0.10844497628465036,0.45200269435240253
268,United States,Vermont,2020-03-25,1.5,-124.21398537508695,1.0,0.4000674174435266,0.25,3.8114205999977915,4.999974983974005,0.5953737377759772,0.46106347242100837,98.10084605253704,100.0,0.41697760566981734
269,United States,South Carolina,2020-03-20,0.475002325745803,53.357117868671445,11.32408641396526,0.02,0.035175263454117325,5.0,1.9392148105373104,0.5339722865079732,5.0,11.664113861728861,0.6562847577337066,1.5686004321217482
270,United States,Mississippi,2020-03-21,0.1894523652555451,41.07915842138075,4.0804160732137165,0.4766994067749657,0.24985490066593696,4.474449467623394,2.5886482516140585,0.9776062494466786,5.0,73.1635553605534,41.147536989839196,1.3741286061317528
271,United States,Kentucky,2020-03-22,1.5,2.2948928497759535,15.0,0.02,0.03216043991149618,5.0,1.7848921523420176,0.30289352264927993,5.0,64.20465665178365,17.545358104331,1.4555038955971644
272,United States,North Dakota,2020-03-30,1.5,-49.74288486492256,1.0022758570650678,0.37172165914352273,0.01,4.999869990627502,0.43349062523615234,0.2705702652989035,1.4452766366769598,199.7371739645098,0.8795146714515653,1.9999946716747017
273,United States,Alabama,2020-03-20,1.4999810582828859,-32.51446778358428,5.734527804203697,0.09692276145889668,0.01,1.1748128777843825,3.041748367729351,1.7492956418413232,2.6373715630617607,1.8189649155356733,0.20830160277414791,0.5374821379322862
274,United States Virgin Islands,,2020-07-05,1.5,-133.66404915972376,1.0,0.02,0.04396876894532385,4.99993394887172,4.396041715091887,0.0014567966560005722,1.2004987989588358,175.07373141148415,99.99627108119824,0.2548260442279343
275,United States,Alaska,2020-03-28,0.6791905679435897,-31.39707452441645,3.2060921062488905,0.40974958646605153,0.01,2.0808406192161435,0.001,1.6696440245718696,2.3004407542759973,3.9301746707972476,1.6819900151618326,0.26516293947405045
276,United States,Wyoming,2020-03-31,1.2865515369545408,3.33272829655263,15.0,0.34314483425411896,0.010988737385458745,4.999785506439322,0.6374411831960148,0.0012631288258147765,3.265536389118161,269.7174186509267,19.854273892450202,1.5394912212462442
277,Vanuatu,,2022-03-09,0.9830674411548466,-199.99997965732237,15.0,0.5,0.25,-0.1999949095590735,0.001,5.0,4.999111028896579,5.640788228648096,1.3504968893512557,0.44071012308579294
278,United States,Florida,2020-03-15,0.8396995374176345,14.566564735178545,15.0,0.08064879825844803,0.01,-0.1998238274169523,0.001,1.6438839526858784,4.9999996866063166,180.80122894926166,45.29626200919792,1.7900596353175662
279,United States,Iowa,2020-03-23,0.18187956249942078,75.32953132509843,14.99961914850032,0.02,0.011693597667684486,4.99987444047529,2.3911503007855397,0.21351573212917385,5.0,158.96753458687533,89.46729522490149,1.9715116055473039
280,Zambia,,2020-05-01,1.077887121529292,54.88774798651876,1.0,0.25951346544947984,0.01890281514173124,2.5878844094771356,2.0434542166353533,0.0016729062226433205,1.2850746934507935,240.54891362230057,2.4627193364305584,0.27989984285238456
281,United States,North Carolina,2020-03-19,1.3555522563126625,-199.9998430777461,14.99994436434342,0.02,0.01,4.999731957355776,0.061028904767320556,2.2629117747912124,4.703951849948472,3.0854240290060453,0.10664084356073147,0.6301150037821582
282,Zimbabwe,,2020-05-26,1.4998763874933179,-81.81218657123374,9.798412298830353,0.02,0.10255916633461858,4.99131877362156,3.86113349371439,0.0012839895774646119,0.4460382177408424,95.46124069719444,100.0,0.2609150394652484
283,United States,Nevada,2020-03-20,0.5790405658818747,5.3799313835087155,8.621369869850817,0.4956969664126254,0.015368956230144547,0.31831405262852924,4.979771128644383,0.005481382218850878,0.2546895351044638,28.61742136818407,90.61354739393215,0.910681165712172
284,Togo,,2020-04-30,1.0159217211637361,-61.659774055352,9.684805971666536,0.020013351712912335,0.05797124680812181,4.997959376747958,1.0613388285476382,0.0020707742675963423,1.3805851810438796,29.72888271329348,99.99939664600865,0.21512442108817242
285,United States,Puerto Rico,2020-03-29,0.215357170858635,-27.26162381089576,10.264704056357484,0.47470913144472476,0.23348618442477226,4.66320152608775,4.496875673326687,1.6768307223746606,4.5771959580342285,152.01687477125353,100.0,0.6554421439562799
286,United States,Georgia,2020-03-16,1.199156273384297,6.319478791757277,12.317637756930022,0.02,0.03935206835782395,4.714240280108468,4.324851678577414,0.0014551449261568487,0.21787404571625313,238.2347774336348,27.39708117570779,1.3979150731136802
287,Kuwait,,2020-03-15,0.17202496221770858,31.063873461876184,1.4282545718583342,0.02338246341377383,0.07110372203840586,0.3573906347793837,1.6498317167379897,2.3143012048323692,5.0,10.527129037226361,1.5482273274243448,0.2185778700743832
288,Nicaragua,,2020-05-21,1.474032208704693,-13.168284512628004,5.918394441877009,0.021932528066690028,0.022026387266613986,3.1081560233567105,4.688556245012295,0.0019138435667630485,4.999992320635965,12.368744083477313,0.22959944609981733,0.8546582940750049
289,Mexico,,2020-03-13,0.24320731464680417,33.89460095975064,3.688689264420102,0.1372565900424129,0.0870333027836853,3.030429369669706,4.957633402486232,0.0010070741653406172,5.0,10.843224612911307,1.317926871301094,1.5662030137596021
290,Morocco,,2020-03-23,1.4996322932909216,-82.49249511675282,6.033795335604914,0.02148305544370109,0.09063886394853654,1.9866618652052177,3.8497694229591604,0.0016166925383834256,4.994147176998824,14.797553099216554,2.822288793640303,1.9596268953241698
291,Montenegro,,2020-08-02,1.4999999127446153,0.08515092188982587,9.539536113768323,0.3956378630599188,0.23251112976582,2.2317591983484064,0.006963293836759,2.177010357882608,5.0,143.50719483600395,38.21770558400118,0.21142302647418992
