,country,domain,first_day_above_hundred,outsample_mape,overall_mape,train_mape,outsample_mae,overall_mae,train_mae
0,Bolivia,,2020-04-01,999.0,999.0,999.0,999.0,999.0,999.0
1,Brunei,,2020-03-25,999.0,999.0,999.0,999.0,999.0,999.0
2,Cote d'Ivoire,,2020-03-25,999.0,999.0,999.0,999.0,999.0,999.0
3,Curacao,,2020-09-09,999.0,999.0,999.0,999.0,999.0,999.0
4,Democratic Republic of Congo,,2020-04-01,999.0,999.0,999.0,999.0,999.0,999.0
5,Australia,,2020-03-12,1.5003190800280009,3.3826589178000717,4.4056696991979365,104.50798193830364,77.99280850554611,63.58238816165615
6,Andorra,,2020-03-22,4.763239278115094,7.051502616601761,8.295123996214084,36.194233360442944,37.0157619087721,37.46224481547274
7,Australia,Western Australia,2020-03-22,1.9831839532104532,2.2311985003393646,2.365989015083339,11.1521192528247,9.999514346674998,9.373098636811028
8,Aruba,,2020-05-06,1.9434905070277606,0.7059014928608892,0.033298767770198176,2.032053362491135,0.7373013353927013,0.033631755447900154
9,Anguilla,,2021-05-12,1.5937935982858364,0.5828000249656046,0.03334699598721769,1.7776935394324318,0.6494979840085899,0.03634822562606728
10,Australia,Australian Capital Territory,2020-04-10,0.4034158407165091,0.5334576047631169,0.6041324765275774,0.43166982755798017,0.5655959179965816,0.6383818367132129
11,Cambodia,,2020-03-29,1.1980767907460506,0.8499262277955351,0.6607139653224287,1.4906220855971817,1.0328018420937077,0.783986492363559
12,Albania,,2020-03-25,4.349204442655892,3.179047890786335,2.5430932430311395,46.10356469869836,23.684475735318742,11.500188255221131
13,Bermuda,,2020-04-27,1.6902978967975009,1.6559826617611029,1.637333077502191,2.460293177578395,2.2069207588186375,2.069218357318769
14,Armenia,,2020-03-19,70.02904203259817,28.173846088129505,5.426456987874794,4487.316527531416,1600.3789349926612,31.391112960729213
15,Australia,South Australia,2020-03-23,5.937214999210201,5.11757360759012,4.672116329535727,26.080604808525983,20.71427470057219,17.797790946249478
16,Bhutan,,2020-07-29,5.509925893629831,4.088886985316271,3.3165832307980305,15.634550973866553,9.052453845851229,5.475227145842898
17,Australia,New South Wales,2020-03-14,5.629418635596631,6.906628277255009,7.600763952069349,172.01303029047375,130.03786663336442,107.22527768928325
18,Bulgaria,,2020-03-22,32.26263622847785,21.04443553024165,14.947587324678501,736.1774702980351,308.87646810921166,76.6476625718075
19,Canada,Prince Edward Island,2021-01-07,12.989924851453056,5.542636667899584,1.4951974377074824,18.12144170252116,7.43670254958834,1.6297790969074573
20,Chile,,2020-03-17,33.105413610857575,25.13841604531395,20.80852606404025,15462.810831951367,5654.188842970433,323.41602287210156
21,China,,2020-01-19,3.534689551794165,18.088496893924557,25.998174797256286,2872.9432422284563,2296.600473031836,1983.3707071641077
22,Bahrain,,2020-03-10,44.11190130352251,37.685273269262524,34.192540641947296,2152.931586918586,886.4175256691719,198.09466629449042
23,British Virgin Islands,,2021-01-06,3.463626737189868,2.5980107389956104,2.1275672617161216,5.321943115081547,3.707558550109344,2.8301756343635827
24,Benin,,2020-05-10,102.70238454929729,39.79628151722253,5.608182043268836,1438.0486237113055,515.7890119773788,14.560962121983698
25,Canada,Nunavut,2020-11-21,1.655835311414826,1.80886480933151,1.8920330147210123,4.653891660131223,4.23867688181002,4.013016676200671
26,Bosnia and Herzegovina,,2020-03-22,30.570165610636828,15.290118440239478,6.985744978067003,724.6230578408549,283.38626891723334,43.583666241352006
27,Canada,Quebec,2020-03-17,6.401221197381974,5.154020546531325,4.476194105851625,2764.0074057405013,1075.8656273162853,158.3972694770373
28,Dominican Republic,,2020-03-24,17.756782668188965,15.256834368228805,13.898166813902632,2784.9112470494456,1151.2683054886954,263.4188807274185
29,Cuba,,2020-03-29,2.9829258956628,2.7804317731356014,2.6703806195882107,61.661025127688525,32.250024773078266,16.265785449920525
30,Burkina Faso,,2020-03-24,9.831002500521038,5.97443831987251,3.8784795260417906,80.79485193831886,37.86334545673843,14.531004977618634
31,Canada,Nova Scotia,2020-03-28,1.480174419595447,1.8026039442220816,1.9778373815191663,15.559051827219424,11.177062823303682,8.795547060305998
32,Belarus,,2020-03-31,4.948996311741501,17.999368047904223,25.091961382775256,2129.091823231843,1027.17579118907,428.3083824701714
33,Afghanistan,,2020-03-30,26.51947027522666,26.19298316079946,26.01554451165423,3825.406978344816,1493.247619306021,225.76970678493652
34,Canada,Yukon,2021-06-13,2.0010145906287,3.9479979924483968,5.006141145611278,12.867575283630176,14.057005684749969,14.703435250575941
35,American Samoa,,2022-03-01,5.116280717938171,11.619621751538094,15.154046226320661,300.18702041824247,223.04100073721466,181.11381612796038
36,Central African Republic,,2020-05-05,19.963738658733952,11.21627038316029,6.4622115377398215,903.4752370467927,347.0366544266232,44.62438126348769
37,Chad,,2020-05-02,3.668234544242077,5.954269116419717,7.196679209994515,31.685361209789352,30.247751974251244,29.46644260711096
38,Angola,,2020-06-11,23.89331021558295,11.327391637208223,4.498088062004567,418.9737995770012,155.95063514707823,13.003263174293934
39,Canada,Manitoba,2020-03-31,2.4026255969784858,1.7264030305537086,1.3588907661924163,7.086427135775055,4.459057966338108,3.031139939470202
40,Canada,Alberta,2020-03-19,1.6687923682915016,4.483819339961052,6.013725302824936,106.02420206452797,76.9138552791596,61.09301463493766
41,Iran,,2020-02-27,999.0,999.0,999.0,999.0,999.0,999.0
42,Cook Islands,,2022-03-06,32.488723076140374,31.274143269820552,30.61404554899457,1657.1624592807223,897.9581455065379,485.34710541187246
43,Australia,Tasmania,2020-04-09,1.1062448837557681,1.0882060150466328,1.0784022820525374,2.522238334963151,2.2008782707304304,2.0262260619082997
44,Djibouti,,2020-04-08,294.2201058065825,118.29158457312565,22.678257815812113,12048.73638202467,4339.230928670451,149.28231271707133
45,Brazil,,2020-03-16,40.69934801054853,21.906737707561287,11.693362542894308,109849.34101387652,39062.86349607438,591.9518016167013
46,Algeria,,2020-03-22,88.85725851050879,34.13340080183247,4.392173786247519,7497.30964204613,2664.425897166222,37.85864451409761
47,Canada,New Brunswick,2020-04-06,9.143221921838203,5.2988674545661185,3.2095443745269403,13.344808139259491,7.136207667916023,3.761968281316311
48,Canada,Ontario,2020-03-10,12.969118175289521,7.763948151221626,4.935051399010815,2764.5425968142017,1026.475302117266,81.87351152110548
49,Finland,,2020-03-08,7.894095362994329,4.891061795866038,3.258978335470228,491.0835806936957,202.84118625524374,46.18771101695464
50,Barbados,,2020-07-13,5.278838219884159,2.8374046440053204,1.510538570158125,9.487223569698426,4.558790656717901,1.88029450835892
51,Belgium,,2020-03-06,1.0331929646925462,9.24118643350188,13.70205244915913,521.1314091092177,432.4919515740264,384.31833334837904
52,Colombia,,2020-03-20,35.336694563658696,15.166835889024997,4.204956174550153,6977.226536665735,2491.4625683764984,53.54736821930519
53,Antigua and Barbuda,,2020-09-28,3.802780873968988,2.0200963651875794,1.0512460886759447,5.358441654938433,2.669822639700126,1.2086166531575675
54,Kosovo,,2020-03-30,999.0,999.0,999.0,999.0,999.0,999.0
55,Czechia,,2020-03-13,6.632387623406155,9.226108429197948,10.63573930191088,553.905975742301,283.4912888135741,136.52678504796154
56,Canada,,2020-03-12,7.086188687407305,7.946946345673209,8.414749420817722,4813.213117542213,1906.785593051974,327.2054166985835
57,Laos,,2021-04-23,999.0,999.0,999.0,999.0,999.0,999.0
58,Comoros,,2020-06-13,5.837480411062487,6.5266680074524865,6.901226483751399,19.278187145570303,15.92701918927276,14.105732256502362
59,Austria,,2020-03-10,1.5242488071186306,14.711066323903527,21.877814974330096,191.20490668842854,286.1650822654142,337.77387333986286
60,Eritrea,,2020-06-16,2.4221965021496215,4.3902286755855435,5.4598113785398485,6.929663905196435,9.41485679495343,10.765505104603966
61,Australia,Victoria,2020-03-18,8.062608728443994,5.173439664900319,3.603239086887454,128.10920976918854,59.440346417754164,22.12031198762678
62,Gambia,,2020-07-19,4.98181140739954,4.978505591871783,4.9767089529980035,173.3982740374309,88.5205746584385,42.39139021333398
63,Guernsey,,2020-04-03,4.150742400630618,3.882593748985498,3.7368607861348906,10.459870849589157,9.071263758001196,8.316585990833826
64,Canada,Saskatchewan,2020-03-27,358.16311624745236,128.88405039225904,4.275862427480054,2300.655100751732,819.0606100935639,13.846212996733614
65,Gabon,,2020-04-18,16.003764649155347,10.769079396687411,7.924141759476573,614.865157455322,241.2944960969364,38.2669627499877
66,Estonia,,2020-03-15,26.72385077563515,91.9173449356452,127.34859176173762,1864.384458880231,1522.4266891355387,1336.5800751438578
67,Germany,,2020-03-01,2.091788290855447,37.27727097428515,56.39981591093175,3060.7712057521076,4250.600621903311,4897.2470437246175
68,Botswana,,2020-06-25,12.899074367818528,9.106807312160864,7.0457926079990925,198.4563852020966,87.92990682513131,27.86116857678064
69,Azerbaijan,,2020-03-28,164.00918243671882,64.27080271462357,10.065161561310925,9122.645994292434,3258.752161494826,71.85333932221245
70,Equatorial Guinea,,2020-04-21,20.62307134804533,9.235186590882849,3.0461187880771545,605.4930168593269,224.86941153917192,18.00875647387032
71,Fiji,,2021-04-26,23.897723356392113,14.59034313600736,9.531984320580857,1017.4902844157804,371.61090034500245,20.58949595871013
72,Honduras,,2020-03-30,93.6255391964431,49.300054093058264,25.210116536870856,4659.947466044896,1719.2415110952409,121.0317529704285
73,Burundi,,2020-06-16,3.5543607194062057,7.181402038676632,9.152620146975778,14.647437487405544,17.570693514695225,19.159419616483092
74,Guadeloupe,,2020-03-31,3.858145577409215,1.8566282851521927,0.7688471480559853,6.2541804389818765,2.9143925845470946,1.0992904897455826
75,Iceland,,2020-03-15,14.185480894702104,25.146834917104925,31.104092537976026,257.2919933489058,226.9317575271722,210.4316293631866
76,Ghana,,2020-03-27,152.20618909725226,64.91085733726906,17.4677422503217,10881.902192371042,3896.404822896166,99.93886122503824
77,Cayman Islands,,2020-05-21,2.142538128873691,1.978090266824303,1.8887164287539833,4.337907808071393,3.476231048555987,3.0079284618628317
78,Micronesia (country),,2022-07-22,999.0,999.0,999.0,999.0,999.0,999.0
79,Denmark,,2020-03-11,13.019864521913146,15.015261928750922,16.099717041162755,1322.8644664425788,683.8076085800691,336.4940988721834
80,Kiribati,,2022-01-26,16.494998742084693,13.864883432720376,12.435472938500638,504.6013187320475,285.0796809957018,165.7744430955138
81,Hungary,,2020-03-21,2.5978581580176403,4.192261820726463,5.05878555045952,92.32284431673519,58.36173223277414,39.904606100186626
82,Gibraltar,,2020-04-08,7.569163476140842,6.140743747815947,5.364428678074161,12.500046313391232,8.842006194498298,6.853940912491271
83,Cyprus,,2020-03-24,2082.8083957361087,734.3539962284419,1.498344322101287,19632.525494851172,6917.05239688092,6.469191462305645
84,Eswatini,,2020-05-02,10.295674942153171,5.827889765971788,3.3997456484819057,104.70806254614283,41.87022214695574,7.719221930006234
85,Croatia,,2020-03-20,3.8648581578324035,2.7627587815099037,2.163791729160719,85.85688164897654,42.632339189265906,19.14074002637969
86,Guatemala,,2020-04-11,58.83414305933894,29.698416318810704,13.863782220697537,5336.3279336962905,1934.5808321739719,85.8052335205376
87,Grenada,,2020-12-22,8.569520613213353,6.843634503826783,5.905652922638431,12.68289050755576,9.580686575003906,7.8947061768778966
88,Greece,,2020-03-15,15.899572165029364,16.823480117015478,17.32560400396445,439.6472068028519,273.39375683145516,183.03862097743513
89,Lebanon,,2020-03-17,13.03073606627739,5.7996677769107565,1.869739358776718,127.71987307511985,49.70859366265597,7.311159199360397
90,Belize,,2020-08-08,17.12948345993241,14.646218860578486,13.296618534842661,402.1273485060776,187.9924525116969,71.61479164518566
91,Guinea-Bissau,,2020-04-30,5.047611259503194,8.068013650321333,9.70953668880945,84.3819733508337,75.35292303653415,70.44583047441479
92,Faroe Islands,,2020-03-23,7.592492154721968,6.956450854056043,6.6107762341289105,14.19796032933008,12.516582836044488,11.602790720128406
93,Israel,,2020-03-12,4.896876267038563,10.097988359070264,12.924679713435323,800.3698443955843,379.10879801069825,150.16257714934707
94,Liberia,,2020-04-20,76.88126021344014,28.65957214484886,2.4521329771362126,544.6786460874202,194.80184631198642,4.651411651424568
95,Jamaica,,2020-04-16,478.28060317661885,171.3475870474271,4.536165238083746,3107.755607458189,1104.211000846026,15.32806246985035
96,Lesotho,,2020-07-09,29.930383205771587,13.489622583423111,4.554426593016328,367.26120682321687,143.10081579044416,21.27451631611118
97,Latvia,,2020-03-22,28.26089443728248,21.279360045486648,17.485047876032393,288.7727314091959,144.9268829364005,66.74979137509858
98,Dominica,,2021-01-07,1393.4983665366976,491.5123621256689,1.3025771196751101,2146.79749915989,756.9434781538271,1.5880319548799946
99,Egypt,,2020-03-15,11.124350803004122,13.698999084059722,15.098264454198635,1261.0551201464511,521.5289933508234,119.61262009233008
100,Kuwait,,2020-03-15,12.910759699371107,16.75084424390225,18.837846713756136,1769.679706595002,678.1122142735361,84.86901192491354
101,Kyrgyzstan,,2021-06-27,10.775254975584106,20.53284488168391,25.835882874129467,6246.827782279029,5364.896051429149,4885.585328141172
102,Haiti,,2020-05-07,8.151665880873567,6.928609240253866,6.263904544264898,512.7146782603701,217.1554769415978,56.525476224873756
103,Bangladesh,,2020-04-06,24.639876621210433,9.908369983497082,1.9021163760441706,17924.23019594308,6353.8678372323,65.62742488948392
104,Congo,,2020-04-15,16.184334908841592,8.841782976498358,4.851265621963995,135.38695810861233,55.6763858222084,12.355422623075828
105,Indonesia,,2020-03-15,1.720558318148745,5.229872484368588,7.137108444270678,297.47539301839174,143.32504164239248,59.54767676413202
106,Kazakhstan,,2020-03-27,20.20602236605884,9.619454947725949,3.8658856986319905,2007.9509204183728,741.9871740604073,53.963398865860654
107,Mauritius,,2020-03-29,8.505460497311237,6.725614000529598,5.758306121843923,28.37031265927757,21.321773565268025,17.491045796784576
108,Argentina,,2020-03-13,16.603366040164204,7.6666045502531315,2.8096689579101586,1695.2968728077988,617.2423790881733,31.343197718811727
109,Madagascar,,2020-04-12,15.853510435994867,7.359593634085593,2.7433345026131644,194.95709460127725,72.15916531372868,5.421160266147938
110,South Korea,,2020-02-21,999.0,999.0,999.0,999.0,999.0,999.0
111,Moldova,,2020-03-24,999.0,999.0,999.0,999.0,999.0,999.0
112,Cameroon,,2020-03-31,20.33321141166591,13.18270658109718,9.296562651440265,1256.2323955500842,494.82727067198425,81.02013758606022
113,Russia,,2020-03-19,999.0,999.0,999.0,999.0,999.0,999.0
114,Libya,,2020-05-30,17.547519518976543,8.611003839706955,3.7542018401039177,625.7495299424511,231.50095443931946,17.235424274573973
115,Reunion,,2020-03-27,999.0,999.0,999.0,999.0,999.0,999.0
116,Saint Barthelemy,,2020-11-13,999.0,999.0,999.0,999.0,999.0,999.0
117,Isle of Man,,2020-04-05,4.1016128047353035,3.7135512482600395,3.502648228436525,13.863451280005327,11.301421237066467,9.909013605034483
118,French Guiana,,2020-04-24,51.3893245509397,26.36062374412375,12.758068957810734,1390.7402657142634,507.75009461044243,27.864132054018068
119,Georgia,,2020-03-30,8.87260847028513,4.91958468075085,2.7712021864387393,68.00038513779471,29.592639190786787,8.718864219586818
120,Mali,,2020-04-12,4.961556406869986,3.950374273035954,3.400818765517462,78.8505863789413,36.29045750922725,13.159952688730494
121,Luxembourg,,2020-03-22,11.398079632927626,16.792061744046798,19.72357376095939,346.24144382527766,360.8456993785575,368.7827947879486
122,Maldives,,2020-04-24,20.08929140976374,16.454478589187048,14.479036838873641,446.98693695597365,220.72706060951512,97.75973650817905
123,French Polynesia,,2020-08-12,24.22263276873637,10.358028265398925,2.8229171222807437,808.7413838399917,292.45207915185324,11.860065734386566
124,Jersey,,2020-04-03,1.9365008975764553,1.9657353601759415,1.981623655066967,5.682578045725865,4.797432567149311,4.316375241835967
125,Malta,,2020-03-22,140.31413834276393,55.52090376909206,9.43762410948778,822.7757392880306,304.8841069498578,23.421263287807392
126,India,,2020-03-15,21.40904056990419,11.758097901519166,6.513020364353389,19589.507736782754,6987.686075023612,138.8699545023397
127,El Salvador,,2020-04-10,9.984468863504825,4.8062620327667105,1.9920191899742548,332.96986355287385,122.59393942623514,8.259198053061919
128,Australia,Northern Territory,2021-02-05,2.1365304735760264,1.071323755055673,0.4924070602076545,2.3921529590324617,1.174875854496326,0.513312210726687
129,Bahamas,,2020-05-30,49.63307235239293,17.629458122908908,0.23618951992846757,243.85517482882912,86.0246525083009,0.2471947254051474
130,Montserrat,,2022-01-09,2.8799362123372076,2.5257903515308344,2.3333197750056316,4.756339046352562,3.983400218240157,3.563324768179067
131,France,,2020-05-17,6.424767775775505,39.950020766802346,58.1702669575778,1413.8909150429736,1693.7634085462537,1845.8680245806447
132,Australia,Queensland,2020-03-19,1.2215664036533993,1.6438797177397526,1.8733978232214665,12.883669563984432,11.683058288457424,11.030552160453615
133,Jordan,,2020-03-23,19.145067661645555,9.89267271500516,4.864197200526679,117.06134465160194,51.10127444556782,15.253410203157962
134,Nauru,,2022-06-19,6.926027835514848,19.540144920462357,26.395643336194695,314.8786826802033,470.4923787700725,555.0650396884796
135,Mayotte,,2020-04-01,3.079775299230628,9.104665124392247,12.379061768501822,54.23923969377957,44.234221359279566,38.79671139487739
136,Mexico,,2020-03-13,28.912165402633676,15.000414837069338,7.439680834045237,18242.60093440897,6491.979798210482,105.77265897217411
137,Malaysia,,2020-03-10,5.097780079341983,10.794673492133048,13.890811216476017,338.22200713930107,198.17127234874917,122.05674257127536
138,Niger,,2020-04-02,6.4646804863102645,9.97468599219943,11.88229768018267,61.3226421364029,60.488488825497896,60.035144634788644
139,Netherlands,,2020-03-08,5.418691832772272,19.358885962357636,26.935078424088804,2191.030429400123,1616.2844653675015,1303.9225283932503
140,Guyana,,2020-05-12,15.772006105986936,7.068762408158495,2.338738659338691,45.93139841031465,18.464449276710663,3.5367595301867567
141,Italy,,2020-02-24,4.608033626711894,14.4987830401954,19.87419033013209,8891.380000241452,3715.8493518725327,903.0609560198582
142,Syria,,2020-05-26,999.0,999.0,999.0,999.0,999.0,999.0
143,Nigeria,,2020-03-30,13.701583638303285,10.678767655719144,9.035932882575587,1425.5543265150325,535.4842401714706,51.750497593447946
144,Greenland,,2021-07-28,20.426872886851815,8.548095327194826,2.092237957816027,111.03972592954858,42.30818668211404,4.954089265030038
145,Marshall Islands,,2022-08-10,44.51018357486751,46.76552606504219,47.991255679267546,6819.781737593759,6185.047604763253,5840.083402137977
146,Pakistan,,2020-03-19,11.476077667188513,10.910389022527658,10.602949541733722,5227.586899889052,1977.5445107972325,211.21712542124442
147,New Zealand,,2020-03-23,0.9217946104116405,2.0376649285747415,2.644116188445991,10.612759717966265,14.733497453844505,16.9730288320392
148,Mongolia,,2020-05-16,8.061433994441476,5.64803394973062,4.336403490648637,19.52356919011094,11.738514625093046,7.507506709322449
149,San Marino,,2020-03-17,2.648203777283809,6.930419661003273,9.257710902155159,17.30193293348223,23.061458042393546,26.19163473201926
150,North Macedonia,,2020-03-22,10.9715789556413,16.010227657127924,18.748623690544562,211.67063745540523,126.74788872153182,80.59422093138319
151,Japan,,2020-02-22,12.567816409167005,8.341770341370246,6.045006174089399,1286.427942645834,474.34941944298475,33.00239596317534
152,Turkey,,2020-03-19,999.0,999.0,999.0,999.0,999.0,999.0
153,Palau,,2022-01-16,6.621619512353217,6.563959877984563,6.532623120175512,259.6520244020852,179.86894649349549,136.50857806491413
154,Mozambique,,2020-05-12,21.152137792218724,10.47437225404729,4.671238809388907,259.1630028616997,99.95117994584737,13.423015317666783
155,Papua New Guinea,,2020-08-03,1.762165235119704,2.374574750315984,2.7074060085748317,9.513673488395579,8.192600829743528,7.474626558736979
156,Tanzania,,2020-04-18,999.0,999.0,999.0,999.0,999.0,999.0
157,Romania,,2020-03-14,6.826003155154551,4.311939067028861,2.9455998886996855,1095.58380250939,417.80106302512576,49.44087852280843
158,Guam,,2020-04-06,6.49119052900458,3.1162862967742613,1.282099214040391,11.176035686615286,5.082286489524129,1.7704662737137173
159,Nepal,,2020-05-07,39.50343283215379,19.701302021837744,8.939274407535553,6465.656441496674,2321.6530212764933,69.47724941769938
160,Seychelles,,2020-07-10,3.910399554871455,2.247134548066599,1.3431861748030918,5.351831335573442,2.9343800982133637,1.6205479039959305
161,Namibia,,2020-06-26,14.123266486587182,8.13961515775652,4.887630739913765,867.2914464340743,329.8872947112768,37.81982094888684
162,Saint Kitts and Nevis,,2021-06-10,4.8231568939422065,3.6103848679777055,2.9512696364752595,30.93988669257802,17.378582757057757,10.00830887905761
163,Liechtenstein,,2020-08-23,51.07143410159607,18.515440233118632,0.8219653045982813,260.5567359354633,92.34369185955524,0.9235592096052195
164,Slovakia,,2020-03-19,1.8083556179408367,2.688283780747022,3.166505608359079,26.469409592451886,23.551689810380644,21.965972537515835
165,Paraguay,,2020-04-06,10.046215481026334,16.969344002926217,20.731913851784846,106.15608398592548,75.18064336700452,58.34616476976488
166,Sierra Leone,,2020-04-29,10.619001125531417,5.789740228711285,3.165141915222083,149.703975110772,62.62249039241243,15.295596523738764
167,Philippines,,2020-03-15,16.190415677099267,9.161426801164543,5.341324151200018,1915.4953083896696,728.0066823790247,82.63242911236993
168,Ireland,,2020-03-16,1.4148387306360966,7.036797584999818,10.092210005849669,327.7821439767703,204.95729189416775,138.20465489275333
169,Switzerland,,2020-03-04,0.5595295524731794,4.179552437631796,6.146956179565824,165.14032967801847,193.40262140306356,208.7625625579794
170,Myanmar,,2020-04-19,176.9243976509019,64.06042384070888,2.721307639517019,513.1389336690407,183.57824585594386,4.4691763923042265
171,Thailand,,2020-03-15,1.710707915631347,3.2260437623859812,4.049595853013501,51.522608527696356,45.58925908021405,42.36461264136497
172,Mauritania,,2020-05-20,5.4552440109928035,5.349107036448663,5.291423898109455,319.300913537753,135.02493990740388,34.87495423873585
173,Saint Pierre and Miquelon,,2022-01-05,3.9521696287970807,9.115850675812801,11.922199070930036,46.28634461032625,42.30794713424289,40.14577459289321
174,South Africa,,2020-03-19,4.302811520560194,19.91946304620212,28.40677365796404,765.4570808433209,453.41956513291814,283.8339587685688
175,Sao Tome and Principe,,2020-05-04,14.110265087215115,9.223725239732216,6.5679970617523775,101.43711010269595,50.920969278161785,23.466544917001894
176,Tunisia,,2020-03-25,4.806241800193572,4.4472227062996215,4.252103633531168,50.35066927668948,33.60262371499657,24.50042504016346
177,Ecuador,,2020-03-18,7.788034555777909,24.530673442743154,33.62993370739819,2398.8137106100803,1693.4992118634518,1310.1761147185453
178,Solomon Islands,,2022-01-21,13.605810348412867,9.699130087249696,7.575934293139279,1388.3818291802409,599.1251145750747,170.1812479418319
179,Saudi Arabia,,2020-03-15,34.563692658693405,27.90881693897035,24.29203665651216,17315.854308161248,6454.574382466094,551.704857631772
180,Sudan,,2020-04-21,49.99300631866687,20.451022451220176,4.395596436303493,4458.275934380069,1597.5261785507498,42.77087646959862
181,Spain,,2020-03-01,6.69708743791925,41.648846465720915,60.64436767648269,14734.465328725228,9795.88189412433,7111.8691579281885
182,United Kingdom,,2020-03-04,16.325931442700455,8.658678422462684,4.49169308537694,29933.3824587612,10824.670179632785,439.50046271517016
183,Puerto Rico,,2020-03-25,3.0730941516501717,2.7695729752905387,2.60461581422552,43.35468565884877,25.77526738080237,16.22123570795106
184,Portugal,,2020-03-15,3.3810433726683455,25.150035079714762,36.98100883354434,910.4189612010878,913.9882155311158,915.9280276670012
185,Saint Vincent and the Grenadines,,2020-12-21,13.24325785869741,6.708364019778515,3.156791281235636,188.56845150094833,74.47120277929527,12.461828474049053
186,Panama,,2020-03-20,24.50698210311916,11.136017027319294,3.8691881817758897,2517.62487985353,913.6318806661484,41.89655502083239
187,United States,Utah,2020-03-20,4.952873973569153,12.807249433929279,17.075931749342395,367.64991541971676,234.50169734973008,162.13853535517214
188,New Caledonia,,2021-03-18,0.4685461942248159,0.7198902153830785,0.8564902268821342,0.5882264990335813,0.8751704011989638,1.0311181741149327
189,Morocco,,2020-03-23,2.152497967413506,4.192038106791155,5.300483834713789,156.38840541225403,78.41077613416894,36.031629787383565
190,Poland,,2020-03-15,5.816565348290945,9.705975789326196,11.819785811627966,1091.7907599811529,469.2722368141344,130.94695248423318
191,Iraq,,2020-03-15,14.436104545063316,7.0644332004674695,3.0580900784045095,443.01306741646846,170.83873724294824,22.917905626904645
192,Sweden,,2020-03-07,5.363821032454755,6.252646627797205,6.735704016570273,1292.3292812607149,528.5419012453954,113.44006428054772
193,Lithuania,,2020-03-25,8.202365315838742,4.626946607742303,2.683784266385543,127.60807414397607,56.04312651544762,17.149133239073468
194,Tonga,,2022-02-13,10.257052789048833,10.228767968271328,10.21339578306616,902.0576611456991,395.1922091849202,119.72185485840991
195,Somalia,,2020-04-18,2.654478450414923,2.9614551639120985,3.1282903342909987,72.2200411873368,39.12758316364917,21.142551629036326
196,Malawi,,2020-05-26,9.385709541878406,13.787992266422952,16.18053722541455,348.2262478287253,170.42647414809286,73.79616236514048
197,South Sudan,,2020-05-09,3.3116161740299894,3.974070620465722,4.334100210919926,70.38150171726066,42.03415118381746,26.627982415641807
198,Costa Rica,,2020-03-22,10.82349615095637,7.099043360073303,5.074884234593373,99.32308316141534,48.14049341859383,20.323868558364747
199,United States,Illinois,2020-03-16,11.981562450928347,9.170093456172731,7.642121176414244,10763.191369024482,4348.133909124145,861.6896374391803
200,Slovenia,,2020-03-15,6.305128196656281,10.475771847447987,12.742426005486953,91.41765146614007,82.29098372684294,77.3308382163554
201,Ukraine,,2020-03-22,6.7638065565228995,20.994247364991807,28.728182586985774,1155.5139335681563,692.9141945278332,441.50129287548367
202,Suriname,,2020-06-08,3.212634855373316,4.018150621604446,4.455930929338757,78.54042798756873,37.82076536187804,15.690513934872218
203,United States,Wisconsin,2020-03-18,227.63247973443222,83.21432089450752,4.726191090200631,34141.282957004405,12058.921412354073,57.63796417454614
204,Saint Lucia,,2020-11-05,16.376367717330464,9.648536567158114,5.992106594238359,64.57384066621142,30.460540261307433,11.92070308472918
205,Sri Lanka,,2020-03-25,13.055267597125441,18.63053764435367,21.660575713499455,146.92106855388477,91.04322281682278,60.67482839450645
206,Tuvalu,,2022-11-05,14.638673716596774,18.718086877502945,20.93515924756064,406.8087425842244,398.8224679650184,394.4821013241455
207,Peru,,2020-03-18,49.94542972322856,29.211931416196357,17.94372581454842,51187.49843490785,18271.311312614165,382.07918093281637
208,United States,California,2020-03-08,10.653993230339474,7.305869513924949,5.486237059351843,6826.873278330825,2576.375150671827,266.32182042237196
209,United States,,2020-03-04,14.831616204826048,14.189657220075372,13.84076646749348,174325.86177639023,62345.53139863309,1486.6561933302903
210,United States,Nebraska,2020-03-27,12.173646421523138,9.090034945755248,7.41415914370748,1643.2587645603166,631.9711262920382,82.35827940710432
211,Trinidad and Tobago,,2020-04-07,1.5135151608957453,1.6333670007924375,1.6985038703015094,1.7729816942772982,1.8828167059359788,1.9425096470548269
212,Samoa,,2022-03-20,3.9556369504368054,7.861575095463875,9.984367565587279,485.4526130583323,347.8650351662159,273.08917761615265
213,United States,Massachusetts,2020-03-12,5.527541914556181,4.813278243680552,4.425091466030756,4523.857533240477,1850.4299174724963,397.4801262942459
214,Venezuela,,2020-03-28,999.0,999.0,999.0,999.0,999.0,999.0
215,Vietnam,,2020-03-23,999.0,999.0,999.0,999.0,999.0,999.0
216,United States,Rhode Island,2020-03-23,5.393551528694122,4.0262980382702045,3.283225489126771,751.0461266522954,300.9445945862962,56.3241967243402
217,United States,North Carolina,2020-03-19,31.619784951655028,12.582036531541558,2.2354341293059794,6776.949332938329,2422.662376503332,56.202074093008
218,United States,Florida,2020-03-15,7.673601180599866,6.210173010440871,5.414831613615329,3500.8006624247037,1316.1014630915972,128.7649417149091
219,United States,Arizona,2020-03-21,41.22190101883784,16.369637205149782,2.8629720890149697,6802.500522102653,2426.6778583843666,48.513367233124356
220,Palestine,,2020-03-30,999.0,999.0,999.0,999.0,999.0,999.0
221,United States,New York,2020-03-08,2.2706108167294574,35.569255121960275,53.66634441828138,7504.870512728687,4226.583694167255,2444.9060753838676
222,United States,Vermont,2020-03-25,5.795632614753298,4.8816650380844235,4.384943529025252,55.62873504389901,33.230725015234434,21.057893477916725
223,Serbia,,2020-03-20,4.854653094049619,9.745380594475202,12.403384670793454,513.4717178358432,273.1342620405642,142.51607954312993
224,Norway,,2020-03-05,18.679288469902644,20.487300656660782,21.469915975551075,1495.7404283912826,676.9890530128841,232.01547943766752
225,United States,Nevada,2020-03-20,4.738296764637159,4.514126378105561,4.3922946462949115,338.2739913882749,153.62132760491474,53.266619027001646
226,United States,Tennessee,2020-03-19,73.57622738629335,39.06203243797716,20.304317792153146,14251.003230389817,5241.763182295313,345.4370692004716
227,United States,Colorado,2020-03-14,19.293011231745716,32.32079056422697,39.401105418836345,4101.108965269113,1736.0721386364,450.7260372055775
228,Tajikistan,,2020-05-04,8.424167988366836,7.63100458297025,7.19993751481993,516.000537778539,246.15443442728844,99.49894347552181
229,Canada,British Columbia,2020-03-16,49.60225178565149,19.361739681014328,2.926678754581087,1211.2241786673592,440.4756757842647,21.59061986953943
230,United States,Alaska,2020-03-28,10.269124613852401,6.243951408146689,4.056357274610976,49.75189118838105,24.14023955368155,10.220863665257905
231,United States,Connecticut,2020-03-19,4.007295774893994,5.486369498923398,6.290213914156769,1566.2537177444121,721.6191570263333,262.57863489694233
232,United States,New Mexico,2020-03-25,13.392525991422813,6.8934985502008645,3.361418419101978,957.8398489181168,360.94038509466253,36.53850258191576
233,United States,Hawaii,2020-03-26,1.287206552507668,1.0558962839484185,0.9301841814705651,8.207412819863766,5.390556564293515,3.85965642539664
234,Nicaragua,,2020-05-21,9.389998402941911,19.665192570721317,25.249537227123163,260.8961276398102,236.62844319255856,223.43948425383488
235,United States,Missouri,2020-03-22,8.895844665286196,5.75990427431257,4.055588844435599,1045.6643909659597,454.6613233644088,133.46400401574007
236,Uzbekistan,,2021-03-28,16.731766143933203,16.586772691081098,16.50797190148756,2938.6294892386186,1420.5599275762752,595.5221223250021
237,United States,Pennsylvania,2020-03-17,19.016100437895147,13.733002734137964,10.861753982096012,12923.410108178961,4713.161704690873,251.07018105604308
238,United States,Maine,2020-03-23,5.728493414548689,4.185818001920115,3.347407451578499,123.81863143589811,54.85399082325556,17.373207881602003
239,United States,Michigan,2020-03-19,3.146699782385155,5.434868607447179,6.678438621067845,1680.2847963901377,884.2053029125781,451.5534042834695
240,United States,Arkansas,2020-03-21,23.818842400064998,14.612425717902802,9.608938390640741,1337.875707570792,544.0965841798236,112.69488668473223
241,United States,District of Columbia,2020-03-23,88.70947964674475,34.17958857294195,4.543778206744786,7383.889788259956,2633.6148121703627,51.94362951297532
242,United States,Minnesota,2020-03-20,506.72297007392484,181.84890068611907,5.286906453615954,104693.2964900364,36901.0145536305,57.383066453383314
243,United States,Iowa,2020-03-23,7.1849247211773655,8.185224575985256,8.728865801424334,1285.6043624766755,530.9329271239985,120.78540791058701
244,Vanuatu,,2022-03-09,9.61327299303264,7.561890714871142,6.447009041957289,766.5813546995325,352.2638897048193,127.09135438160537
245,United States,Louisiana,2020-03-15,12.478166950724555,24.63314709961454,31.239114571837355,4252.7032889050715,1775.5412410066851,429.2575193227794
246,United States Virgin Islands,,2020-07-05,35.39114797411484,18.261190289681096,8.951430678575806,403.6104032690521,159.15363052487447,26.29668881608229
247,United States,Puerto Rico,2020-03-29,19.197689980870955,12.814012563681151,9.34462266303452,733.7058201838031,308.11586209514826,76.81697182957491
248,United States,Delaware,2020-03-24,19.55204086391727,9.66378404952361,4.289731433005315,1691.0331114276405,637.087051226251,64.29027937766973
249,United States,New Hampshire,2020-03-23,29.0535902840171,13.356979924066456,4.8262134240932815,1201.0155825397817,444.94501996861095,34.03710552775719
250,United States,Montana,2020-03-27,4.686229766695429,2.2174545470488494,0.8757288841974467,23.880470785832713,10.227386724786975,2.8072323437838533
251,United States,New Jersey,2020-03-16,9.68498393213817,5.279447791825846,2.8851346720908877,14211.999330838276,5288.23909786682,438.3694060345058
252,United States,Alabama,2020-03-20,19.71677805276498,12.660771459748627,8.825985267891912,2661.0742282954207,999.6192002708433,96.65451112705132
253,Uganda,,2020-05-18,73.64239413670178,27.882090081379225,3.012359616530011,805.2722090658789,291.7121864757297,12.603478546300867
254,Montenegro,,2020-08-02,238.94640110407207,97.15970675760566,20.10172069974352,21150.604249541335,7607.875370335042,247.69663163597042
255,United States,Texas,2020-03-17,7.8153392926452545,5.464823253380477,4.187368884214837,3739.2248651927925,1441.9920752117253,193.49599370027622
256,United Arab Emirates,,2020-03-18,2.1098341221675434,4.142980911589995,5.247951992797849,449.25834417676253,201.7127805170173,67.1771480932427
257,Turks and Caicos Islands,,2020-07-31,1.317506207559537,5.676927904164078,8.046178826231765,8.795295332332076,16.735406003996154,21.05068354294403
258,United States,Kansas,2020-03-24,5.814161502296118,4.040598811663434,3.076706045015234,518.0510732966214,212.49292017923105,46.42870652847539
259,United States,Virginia,2020-03-20,42.5121539865461,16.519672319972827,2.393323588139524,15227.389454785429,5404.009048300728,65.21534912426027
260,United States,Oklahoma,2020-03-24,26.725199766122714,12.286741909158117,4.439753943416487,1656.935732316646,612.0874346581414,44.23509897417168
261,United States,Mississippi,2020-03-21,238.76623362460543,85.51499581375198,2.2262796122012194,32883.338875874026,11603.237704317498,37.965328471560404
262,United States,Idaho,2020-03-25,6.089161385958375,9.636847521315122,11.564937812269873,166.55773650166347,130.97728709225242,111.64008632626819
263,Togo,,2020-04-30,2.1704761896818794,2.7223377658413273,3.022262535493201,13.223033475723101,9.790047937902369,7.924294928217187
264,United States,South Carolina,2020-03-20,16.62206178849395,8.255546726046457,3.708527670368473,1615.1984285685965,601.2386791101908,50.17359788279634
265,Wallis and Futuna,,2021-03-11,5.51627683665942,6.524811256437281,7.072927788925249,24.970069145332943,24.37430300854728,24.050517064642044
266,United States,Ohio,2020-03-19,12.122066972163015,13.275991447222335,13.903124314102403,3398.30783642653,1424.865096831359,352.34186879050594
267,United States,North Dakota,2020-03-30,26.221250661139113,12.688125221948773,5.3331657441279425,709.991176478229,265.58747773716715,24.063728421372637
268,Rwanda,,2020-04-05,12.842833609100843,8.177813584711469,5.642476614934635,56.754184578620034,26.645836029750328,10.282603122755924
269,Niue,,2022-11-22,36.27445706899382,35.28195901921375,34.74255790520283,257.69236496693617,157.67361899389724,103.31560487811527
270,Zambia,,2020-05-01,11461.987109528574,4041.8068909100243,9.100250356464354,211996.48923276376,74675.6068424385,44.692499870443555
271,United States,South Dakota,2020-03-31,423.32791197196434,152.54754023440194,5.38429472485713,22199.361815298027,7858.288821689617,64.22741211983039
272,Singapore,,2020-03-01,395.7111382158155,156.8170547468472,26.983313731103586,78130.31421945982,27562.7325316836,80.35117963130043
273,Uruguay,,2020-03-23,3.3968811579556264,4.676930380382458,5.3726093056144295,26.412863831162483,23.24298359279162,21.520222593677023
274,United States,West Virginia,2020-03-28,15.16975312470763,6.4290407082505965,1.6786535253935138,304.7925198699651,113.67667631106595,9.809370029055565
275,United States,Washington,2020-03-07,13.261805464134351,6.780789669369031,3.2584984765617926,2273.2826108390336,860.6922643652259,92.98011954250413
276,Martinique,,2020-03-30,2.249118821064994,2.7925434109510436,3.0878828619760705,4.470685114830454,4.775677259529051,4.941433859908722
277,Oman,,2020-03-27,35.162533463001424,16.47375131629905,6.316804497439069,3188.9616994432204,1148.9891028123643,40.308343773855995
278,Ethiopia,,2020-04-19,203.66140345859017,76.02975244176655,6.664724715231937,9517.296290730856,3364.3698860872855,20.38814443317212
279,United States,Oregon,2020-03-20,10.534575274909118,5.164320482384605,2.245703747316935,414.4106636977983,157.55063342276756,17.95279088198998
280,Zimbabwe,,2020-05-26,4937.788084978826,1744.9575995191083,9.723640030131318,170223.6681524571,59957.280030049726,29.89518091526781
281,United States,Indiana,2020-03-21,22.77353545754661,12.935667448113671,7.589000051682728,7087.132266283567,2614.510010626007,183.73704559472452
282,United States,Kentucky,2020-03-22,7.616244235779777,4.515419818304018,2.8301891566324087,682.6189432233543,266.09280734762507,39.71990741516347
283,Kenya,,2020-04-03,39.386594274689976,18.88236363756496,7.738760030431802,873.1710162103028,323.83621005183795,25.284684965715705
284,Guinea,,2020-04-03,1.4827628924407634,2.5339844927925443,3.105300579940252,58.66462524870689,34.6311737166709,21.569515275346998
285,United States,Wyoming,2020-03-31,14.207866937091273,6.892782888696999,2.9171937319609786,126.56245738844966,50.885433884234004,9.756616762377675
286,Senegal,,2020-03-25,27.60657763404073,33.29137948820126,36.380945713288504,835.0031109672623,379.6175609700762,132.12541423247512
287,Monaco,,2020-08-23,12.40609205446567,5.51837641927159,1.7750527044921967,32.679417359063336,13.272526571433062,2.7253033172861714
288,Qatar,,2020-03-12,113.30868301496253,46.869791590521544,10.761698425064498,31860.51705859743,11272.703506274422,83.6744017510465
289,United States,Maryland,2020-03-19,3.669725061236919,46.667816456933345,70.03634438937705,1570.0178592051554,1361.911836100168,1248.8107365865885
290,United States,Georgia,2020-03-16,5.702242525973858,8.684252880044806,10.304910681170321,2064.996739642261,892.4029174081148,255.12366619390497
291,Yemen,,2020-05-16,16.753685676062748,9.68391686144833,5.841651201331794,253.20485830230936,105.79159193255565,25.675686296819926
