country,domain,first_day_above_hundred,alpha,days,r_s,r_dth,p_dth,r_dthdecay,k1,k2,jump,t_jump,std_normal,k3
Bolivia,,2020-04-01,-999.0,-999.0,-999.0,-999.0,-999.0,-999.0,-999.0,-999.0,-999.0,-999.0,-999.0,-999.0
Brunei,,2020-03-25,-999.0,-999.0,-999.0,-999.0,-999.0,-999.0,-999.0,-999.0,-999.0,-999.0,-999.0,-999.0
Cote d'Ivoire,,2020-03-25,-999.0,-999.0,-999.0,-999.0,-999.0,-999.0,-999.0,-999.0,-999.0,-999.0,-999.0,-999.0
Democratic Republic of Congo,,2020-04-01,-999.0,-999.0,-999.0,-999.0,-999.0,-999.0,-999.0,-999.0,-999.0,-999.0,-999.0,-999.0
Curacao,,2020-09-09,-999.0,-999.0,-999.0,-999.0,-999.0,-999.0,-999.0,-999.0,-999.0,-999.0,-999.0,-999.0
Dominica,,2021-01-07,1.2461363160541492,-19.14374706590969,2.3540784575864704,0.0221609240928907,0.0631547360951429,1.135951946037726,0.1720992769986748,0.0637795537539034,2.95032578521199,70.9966383041462,20.4795856715322,0.2433352016339155
Ecuador,,2020-03-18,0.6791090402641912,35.082639588473015,15.0,0.02,0.1007523808851895,4.99992161746584,0.0046551287681388,0.5362177760473156,1.1133758167670136,151.09285198213428,12.32016129275498,0.2046167663480358
Cuba,,2020-03-29,0.9707773053894996,2.843662643677503,2.469146676238207,0.02,0.01,0.7835429827876937,2.557501220080101,1.023614378231054,1.975514421187162,195.29092428731173,7.676249955834299,0.3839340507614202
Cambodia,,2020-03-29,0.1,-199.99978041786383,14.999965662291007,0.4998645480635316,0.0519811825142791,0.3368406661431944,0.189580100757262,0.0505497720136031,2.548802849938819,196.9455048872508,19.267384701068345,0.8577882833117259
Aruba,,2020-05-06,0.1,-128.00241965842332,15.0,0.5,0.25,3.2129863557672547,0.001,0.001,2.356458611786365,295.39432499557734,13.77087676785036,0.2
China,,2020-01-19,0.5968075660518762,16.842963243005233,15.0,0.0968429808652648,0.2499483661367579,1.6563883175823275,5.0,5.0,3.2588121644137047,59.67256626266055,0.5065046488121595,2.0
Canada,Nunavut,2020-11-21,0.1518003217279867,14.759463865678397,14.964922648414724,0.0513596914537942,0.1393914383503004,4.995854197675561,1.0409598808253575,0.4679681645740215,4.731642380755635,207.24885519646523,8.436153528718583,0.4560143335753568
Anguilla,,2021-05-12,0.1,-129.0348768368834,15.0,0.5,0.25,3.2275382797099863,0.001,0.001,2.356458611786365,295.39432499557734,13.77087676785036,0.2
Colombia,,2020-03-20,0.4981756544725082,12.209834345239344,10.138819947896833,0.0760216321313486,0.1497514719895535,0.3243835900913648,1.9625761408162783,3.4747637338185635,5.0,122.05774975443951,49.45288441448977,0.27349433382486
Denmark,,2020-03-11,0.3982030721277839,21.005793356007345,15.0,0.0624220964627581,0.1098915357794604,4.995230936212291,1.7073785459721174,0.0015020525120135,4.999717307866169,250.1952796746316,95.14845222235412,0.8501583864677934
Canada,,2020-03-12,1.0663910927573117,14.3998604044918,13.955658443106538,0.1080535227487883,0.0987466654796594,3.794110753268382,0.3946454533528287,1.6497220637783176,4.993416887739077,207.98308544327776,75.58516950034328,0.2799835772396394
Canada,Nova Scotia,2020-03-28,0.2491507018820422,20.420798941385485,15.0,0.0863773346509267,0.2250385277005904,3.5639785257726597,2.276879653060252,1.074473833726035,4.0694558918476105,240.66335451602936,11.875039669277362,0.5232379960339021
Australia,Western Australia,2020-03-22,0.1,0.6441297016839008,4.590771816267487,0.02,0.0435357774772908,4.999958144850074,2.837189278636568,0.3923518272296361,0.3788197890050471,94.63277419111176,5.639667516064327,1.0311147404332497
Australia,South Australia,2020-03-23,0.1,-197.18883347944927,14.87832755616568,0.2523348389465152,0.25,2.108621300836964,1.0350996392054532,0.6106032212569589,1.5964730835554457,135.62800909783664,10.188113266950742,1.52419913172521
Chile,,2020-03-17,1.4137897510760946,-25.049506666017827,1.0717092918286708,0.0798257991870757,0.0354793168201074,2.9410087312736604,4.481118788340949,4.479098096536573,4.981971556832337,264.47585715977,82.53556561015664,1.0069576147417008
Australia,Tasmania,2020-04-09,0.1,-199.99972712637413,14.999699751813646,0.2661854799768395,0.01,-0.1834447982270315,0.5886165059052968,0.1578615677639872,1.3153550466660515,280.51996986791846,6.501260292488771,1.445971434279646
Canada,Quebec,2020-03-17,1.498131330484967,-2.332798529731744,2.074766342476848,0.02,0.0321885633906332,3.6877972552462808,4.9999256157227165,2.46810525886963,4.667162145064631,113.7832380313626,27.163122919927357,1.5967341147411478
Costa Rica,,2020-03-22,0.8125072287948027,1.0660081919473048,4.06479256359358,0.0416594619729594,0.049851864271368,1.0798595276295475,0.3867487585371197,2.1833243835494542,5.0,96.68007128207392,22.502672172652968,0.4132864229042445
Belgium,,2020-03-06,1.054630887679944,11.33047030572998,1.971185515254036,0.1997933357591726,0.0847517420571289,3.2771572548868533,1.2683965522130245,4.303728836800819,0.0523250519267577,199.7006789317948,75.90530211815485,0.4189024865915205
Canada,Prince Edward Island,2021-01-07,1.4813408152407816,-109.9591099327441,1.2469220613497936,0.1821077721305362,0.01,4.9897287216328525,0.4248235858850369,0.001,0.8402531058910512,169.69477649425787,54.63782117642028,0.2
Chad,,2020-05-02,0.1828074025907448,19.135796820384627,15.0,0.2429484177847068,0.25,3.453015701831979,4.999121415547899,1.257969974615606,4.99970102224632,46.8370721887614,0.8835492801975761,0.3730106725738812
Australia,Australian Capital Territory,2020-04-10,0.6141754357147797,8.048305568089923,15.0,0.4504424974019682,0.2102015414880235,0.2529049167946087,0.0498585401394577,0.001,1.8202653162816285,248.66755733466312,4.065677059630408,0.2
Austria,,2020-03-10,0.9189488415010768,14.204426350964194,15.0,0.3229365503679039,0.25,4.076495661031963,2.660431202972513,0.5098503175108371,3.5800207279256977,132.5027025731796,1.876874610058599,0.5007275146941123
Cyprus,,2020-03-24,1.4410787610838427,3.0126757175362773,10.927255130185788,0.0718918217262688,0.1157474300670084,5.0,2.9305542493273347,0.0026520117505072,4.947953727969964,67.27065123374244,11.968443259985111,0.4567117656381481
Cameroon,,2020-03-31,0.100048166910945,-159.22362113328415,9.351804700427806,0.233043741278855,0.0327722951244214,2.5152293990837338,0.019360560332952,3.809428372594183,4.235944454379639,0.1746303911957056,99.9999325893778,0.6735789433511299
Bermuda,,2020-04-27,0.3285947666481615,25.1106421637287,15.0,0.1857515324922447,0.1062161188728153,3.196660925650412,0.0121624153834689,0.0797656593732424,3.271444871385245,215.14862697823585,10.89499142274686,0.2079143109241359
Congo,,2020-04-15,0.274012678853797,43.17818211487922,1.000541807152964,0.2249290389051643,0.1651792787909071,1.6841231549439115,0.0238192959172199,0.2863731941820369,3.687839651675759,178.0883217614065,65.10509125455091,1.1141342161051833
Canada,Yukon,2021-06-13,0.2379626277239392,11.71115552271841,15.0,0.02,0.0355588702046819,4.768586621358753,1.011297047775246,0.9346675671288768,0.8722130651887517,71.876622828905,76.74420522475454,0.444302853564393
Bhutan,,2020-07-29,0.3588626649577247,26.707069360932984,15.0,0.1493897548022037,0.0916282044447806,2.8000430933257583,0.015351171881137,0.019571244611073,1.205810292209577,145.97232743940276,8.561694665516603,1.9996348222639129
Brazil,,2020-03-16,0.4166639874724842,17.028167097692297,12.464917371336632,0.02,0.1256839524197868,2.314286957673482,0.6237797388802999,3.247615688109517,5.0,158.19455486283383,76.60690949172125,1.1270570620465832
Bahrain,,2020-03-10,0.4945945280636937,32.32279502818626,15.0,0.273670494123595,0.0296519709281259,1.988509346977201,0.0974466169868447,0.0294127839428309,0.3243620400210663,258.5381190595954,5.191479956906738,1.1596055964249885
Canada,Alberta,2020-03-19,0.3621548964505541,33.999436107470146,15.0,0.3965829024931718,0.0338204120444518,-0.1992743864702948,1.249160678844423,0.4400134789676875,0.4983266944223539,290.67205227003524,73.22005809614382,0.8565192780171299
Australia,New South Wales,2020-03-14,0.5513989280616812,8.450836526496282,15.0,0.1722121718482464,0.1502171340064471,3.2106068304092297,4.989351436067517,1.232095032012307,2.2509231542292447,191.2484929707798,8.330363846057471,0.8503107013725453
Canada,Ontario,2020-03-10,1.4029787228833188,2.117570290771409,1.710549330262212,0.1258193975848856,0.1102133461507461,4.746868493444466,4.987725515798182,0.0842476940745241,4.999255424570193,185.87968930255025,50.79546254363894,0.6773269752216815
Canada,New Brunswick,2020-04-06,0.8676758048682767,-199.99976149467105,15.0,0.4258207845296893,0.25,4.999645748611826,0.1935487566059874,0.7502554184593117,5.0,22.890340097382506,0.3760376262924211,0.2
Cayman Islands,,2020-05-21,0.2650959287592202,-199.99997296885093,14.99974456646838,0.0804117073263809,0.0437342471630506,1.289688983761306,0.0195676554660234,0.2408754747284875,4.99991757561163,9.995238320915291,2.925857230207826,1.1900967768491666
Iran,,2020-02-27,-999.0,-999.0,-999.0,-999.0,-999.0,-999.0,-999.0,-999.0,-999.0,-999.0,-999.0,-999.0
Australia,,2020-03-12,0.6769859692233963,10.205436837424234,15.0,0.4211649755956926,0.25,5.0,5.0,1.389709722871823,1.7896349701124663,256.03349207837755,24.79558238941417,0.8370928452486843
Belize,,2020-08-08,1.1448552845466022,-71.10372524922036,1.0,0.02,0.0997773292830207,4.954056720563966,3.399251890663173,0.1044716989056182,0.3897448121160734,18.891036604225818,3.892908891488702,1.300245992331866
Canada,Manitoba,2020-03-31,0.2533186152747261,-140.16085738196654,6.928244570950261,0.3732213516605845,0.01,0.1599851589290909,0.0018350419780526,1.7018968717319942,3.5131938537108582,194.36151961329847,98.07049816370169,0.6478050956995641
Dominican Republic,,2020-03-24,0.3013000232785201,24.26040409592237,14.826576377084518,0.106212233565799,0.2286510027973991,0.2508299095518203,0.112774211377566,4.717808549218058,4.463149139465172,35.41791359182605,1.8233211445282929,0.4949289967028392
Egypt,,2020-03-15,0.5635923208937749,7.90341892496543,2.6148503691181646,0.4414688832534265,0.037470965761348,4.207782349128591,3.466441632371722,1.63430899209944,0.663033372376396,52.93519242076978,82.3394199064361,0.2000297259503866
Croatia,,2020-03-20,0.1589417645247401,22.992817314517264,7.882419823824389,0.3585643366193269,0.01,5.0,4.966993833607215,0.2858371067462725,5.0,139.19368622910136,36.373214455223945,1.398223100305934
British Virgin Islands,,2021-01-06,0.4287418353698082,12.819068809736304,15.0,0.0824428202636293,0.1119876571719309,2.9506192213875155,0.0021681734647069,0.021132358170525,3.168033050338219,62.748646225267606,17.944817000641756,1.4949708762499143
American Samoa,,2022-03-01,0.8998056818269313,18.82577961220512,15.0,0.02,0.0838348452830684,5.0,0.0022929021868742,0.634907636322107,1.8640520178333124,99.83468477647526,35.22694525042146,0.2013305561295379
Finland,,2020-03-08,0.6397416799796752,5.579377639841076,5.718838649332942,0.2002643141922815,0.25,2.589540123011571,4.5289271852933695,0.001,5.0,259.8135747108697,100.0,1.2018256147584876
Australia,Queensland,2020-03-19,0.1,4.557747783289842,15.0,0.1290057178105739,0.25,5.0,4.999967062933611,0.001,5.0,43.89104835152328,3.3916567033171185,1.0722710972661962
Canada,British Columbia,2020-03-16,0.4706634422140555,-16.960984233138582,1.0,0.2976367950928323,0.25,3.3038630710782555,4.50164381141006,0.0785425012257408,1.5703910068029026,31.654856000287875,3.222221306162085,1.7791853774256263
Antigua and Barbuda,,2020-09-28,0.2506513676587443,19.59022265120501,15.0,0.3717597783594807,0.01,-0.2,0.001,0.2022347488966652,1.7212578058831478,72.27970496079053,28.138096992128368,0.2
Kosovo,,2020-03-30,-999.0,-999.0,-999.0,-999.0,-999.0,-999.0,-999.0,-999.0,-999.0,-999.0,-999.0,-999.0
Central African Republic,,2020-05-05,0.2371141324291896,29.855447993432687,15.0,0.02,0.010113507067759,2.070548056281722,3.1072712522273256,0.001,0.8740711879788018,54.11067215097958,97.68873420018735,0.4524601868936743
Burkina Faso,,2020-03-24,0.3318767857539184,13.0409856801937,14.709764683123328,0.0298832479337026,0.017418406503713,2.303554006552997,0.1712491071437811,1.6689235611296056,5.0,58.66240302388099,13.90642574849332,0.3855822204162462
Laos,,2021-04-23,-999.0,-999.0,-999.0,-999.0,-999.0,-999.0,-999.0,-999.0,-999.0,-999.0,-999.0,-999.0
Ethiopia,,2020-04-19,0.2343023491157517,14.670983977616329,3.193468013948301,0.1516761430650298,0.1342375425917092,1.5765220762553496,0.1277070591931905,0.0881402192691436,4.271606584139379,103.90229218244482,99.16238227491888,0.3070687729919122
Afghanistan,,2020-03-30,0.7114566448799513,-76.91765719145327,1.0955507542339684,0.2951800102086609,0.2324960933671818,2.087882303016868,0.2312212829303642,1.8271854894249169,0.8709165802152482,55.25178830680333,65.63542219183962,0.7818557838635489
Estonia,,2020-03-15,0.6092123293530886,8.466237727623723,15.0,0.02,0.0485740860047105,4.999782297030567,3.9108991215180384,0.0599929566839332,3.2091543397232285,282.72648477272344,14.064367799273944,2.0
Djibouti,,2020-04-08,1.3665608599349213,-59.818774005081096,13.50378475957086,0.1764175586886743,0.1974069536721522,4.999538927131882,4.935405222475887,0.001,1.5734493650413497,40.58236401752489,7.283904825536701,1.9660755431386845
Cook Islands,,2022-03-06,1.4999722268634164,11.49395605673802,14.1426627217919,0.4837610237788131,0.25,2.096045700809628,0.5830927253603965,0.001,4.9986197337950085,43.75877547878755,11.903053771744366,0.2
Canada,Saskatchewan,2020-03-27,0.2538298181164165,-3.7000815097418576,4.413838487867643,0.0993973672653674,0.0213367929265552,1.13470411792834,1.6422591340209594,0.9119744676521128,5.0,28.50021588047398,4.859213484283554,0.6912837208173757
Faroe Islands,,2020-03-23,0.1,-198.48699565591696,14.925206495984671,0.2958329265260077,0.0192072625904506,1.1566258256835695,1.4298161758473034,1.333024756822912,2.2427562976410726,150.38337366302483,12.732322936433851,0.2731243627729308
Argentina,,2020-03-13,0.7924327962301706,6.917683512506509,12.404637009370749,0.3084124354731011,0.2324276963856425,3.3110587112144554,1.9288079479921432,2.934863921419589,0.5761021015302603,32.13851861465529,14.928263361136947,0.3315445012014248
El Salvador,,2020-04-10,0.2633455288119785,-139.4342090966094,11.211540068223425,0.02,0.0560538498127778,4.999771998915088,0.001693221716045,0.29330214831541,3.2314386444549674,0.0,29.933985893708154,0.9215343755159708
Bangladesh,,2020-04-06,1.224040649475454,-7.418102913172314,1.199661703486356,0.2256025519560211,0.25,1.296508438413876,2.35215867942337,3.831437500219379,3.4207714209111098,117.19621492959496,34.86632292234754,1.262140266034651
Gabon,,2020-04-18,1.3773186485424282,9.834094251441076,5.0431951358645,0.3312271704677768,0.2499975232767652,2.6001352565194966,0.1825698542376491,0.0581479215900875,0.1919816823889477,28.5164101252071,87.90109130354051,0.2530544012281882
Guatemala,,2020-04-11,0.4219267798209815,-135.46047034967796,2.5414537586227075,0.4506275379284076,0.0524564359452034,0.700353026863812,1.5474683569812626,1.219574870175126,1.8731376215459885,63.14721709431189,63.339087952922405,0.3355770303833313
Germany,,2020-03-01,0.9611492605374546,17.99204571320169,2.9296761918452154,0.1417668628054501,0.0482892564898958,2.3040390131213626,4.821108968631397,4.636141474501197,3.087859140741736,46.56157661177194,1.375332223539669,0.2683161698478377
Benin,,2020-05-10,0.4413468510663687,42.30498824330959,1.9915864741069655,0.0200703814839797,0.0616412601792123,4.99992580709606,0.4638655403982669,0.0959715682048451,3.108646837251073,266.7190643803198,65.68448802954421,0.2000688843226158
Guam,,2020-04-06,1.4970269094880952,-199.93676647478677,8.843688819806797,0.2908817221802587,0.01,0.3334588899838671,0.0011743870104044,0.7649413876717145,4.99988724701056,243.220910688246,86.95827144456285,0.2001536232779779
Grenada,,2020-12-22,1.471204038316491,-104.450217855657,1.007666093666369,0.1659391702862641,0.0153962903845411,0.2652337604293466,0.001,0.3373627470697401,0.886720862808511,259.30610137506324,99.50751908220715,0.5980197190400263
Guadeloupe,,2020-03-31,1.212487608179885,-199.99994171856005,14.9998416139664,0.2886575538216512,0.064167433815098,1.5926758483055452,0.0194573879396942,0.141802983900006,4.928017987302153,163.44186463095244,54.87447764720719,1.9409024127269088
France,,2020-05-17,0.1007948525593894,-109.43107215625992,8.521733216028966,0.1984675771133527,0.1370107655576718,2.6711284656373886,4.852959232225612,1.3707743022110164,3.0667333128393044,44.45642896759864,50.29792535688205,1.7246113956835232
French Polynesia,,2020-08-12,0.174453142759015,31.368729007314325,6.523047779429767,0.483493193215652,0.230939353457208,1.48832962150999,4.845252269923889,1.9889846099262167,1.6188399293985198,105.11371981535264,82.66350099970595,0.2238409413840471
Hungary,,2020-03-21,0.4367023244829052,12.884069019942569,1.836498366616527,0.0916525160036907,0.0886832961015666,3.4888218252408643,2.539284930941745,0.7487119572146139,0.3040985882181085,0.2226760577843396,58.04066513333135,0.6969437494452625
Micronesia (country),,2022-07-22,-999.0,-999.0,-999.0,-999.0,-999.0,-999.0,-999.0,-999.0,-999.0,-999.0,-999.0,-999.0
Bulgaria,,2020-03-22,0.2346488326395807,34.67844010700376,15.0,0.2757233201838902,0.25,1.7528441801765964,0.001,1.2421238465771425,5.0,173.9061705057096,65.92080146052878,0.440934825197228
Australia,Victoria,2020-03-18,0.2518808051369827,6.995756400785128,15.0,0.3800591141394902,0.057932148316923,2.5112976232514863,3.637033180992309,0.0010583805236309,4.999965931229433,50.87414769181993,7.4959466493709455,1.627507320966692
Guernsey,,2020-04-03,0.1007629278872191,-199.9713406011266,14.999386748697624,0.2333172018839318,0.2355018662579828,1.1250851141088185,0.7311980140013153,0.4623702739790205,3.568646204163663,293.57651063927915,8.874532778394729,1.368834175429132
Indonesia,,2020-03-15,1.5,-19.891559161596557,1.0,0.2685490547814144,0.0276512263498992,2.2865293349896643,4.466085415032425,2.222360552335211,0.6517759767561488,20.773382373905665,0.935510823385206,0.6708616528089069
Iraq,,2020-03-15,0.4680065428417881,12.466043689638516,15.0,0.0201021427336979,0.0100001892222727,2.853064961495429,2.9130900248687435,0.0043030953703093,3.2056302979793045,187.6201182805217,80.59882303860658,0.4470445334689661
Guinea-Bissau,,2020-04-30,0.844434157705503,-153.98913678657073,3.0341342663293136,0.2707745742380994,0.01,0.581756083401417,2.572015877385189,0.0010488002243835,4.881423865540737,245.72182527183745,87.74123739716003,1.6030412147908488
Eritrea,,2020-06-16,0.2593046781611686,6.782117970821652,14.999936474286333,0.1425955150682135,0.0282643073155084,2.766913821782744,2.142024848678069,0.0011806118787578,2.16148468878024,155.51216065224497,88.61255178228485,0.2014188391292053
Equatorial Guinea,,2020-04-21,0.6996164634869904,-122.07859782255996,10.934093509364072,0.4126404874132461,0.0640325404937671,-0.2,1.775308218286536,2.5188563916729,0.6808745594124438,21.047558746907143,40.29560218939481,0.3090218078871072
Azerbaijan,,2020-03-28,0.4804306397788453,8.150265111975528,15.0,0.3001921616813899,0.1827116822092925,5.0,4.631115793896359,0.0015130230275342,3.143540956922437,55.12707203596273,15.94434558000628,0.7082667668770112
Angola,,2020-06-11,0.2936457895877583,45.81899263802496,3.562617248823172,0.1726184505377867,0.2376143346241949,2.9041662854962818,2.5062814461050755,0.0014554968808697,4.980321270165697,271.5229338071597,71.23514433069022,0.2003835417839499
Kuwait,,2020-03-15,0.2482756502572666,62.585247129529165,8.201062903528875,0.3943494640076677,0.1475307665513318,0.1610752033875189,2.303147456954906,1.2795729797490678,1.7169274068485163,139.55014805506735,67.2203796268955,0.4975547354965219
Fiji,,2021-04-26,0.2516128211299618,27.33635151355613,7.775947563926373,0.1550441116718346,0.2402447571792287,2.692371176171504,0.1967019661162712,0.001,2.414870198686058,47.15373405943114,84.79440939534449,0.236128419881342
Jamaica,,2020-04-16,0.2589427748397285,8.103208193839667,15.0,0.1874634982470692,0.2248750242533122,3.279533757205689,4.576171224798971,0.0619938961137522,4.368180903500637,206.2246780867597,75.50867828723636,0.3913357894219097
Gibraltar,,2020-04-08,1.4999538573094098,-80.94269105986191,1.1012305049668982,0.4427392026313036,0.0101208270688428,-0.1902929931880632,0.0772073154133189,0.6780627093435544,5.0,42.9328546556427,1.3854325566381989,0.2622681268979004
Latvia,,2020-03-22,0.9522277147993622,-86.68089983952504,4.009969547301929,0.0751144768793841,0.2090301147939974,4.863683408511085,4.617496938850239,0.0778276491464201,4.401021938341708,249.05047698282365,91.6653343878272,0.6706180707691821
Liechtenstein,,2020-08-23,1.4999163210313913,-27.253406966202917,1.004627437151486,0.0202166048139958,0.1907536645664808,4.545163651034963,0.001,0.0230851311404816,2.5899663431557727,252.23980426067865,99.98778362297077,0.2036984711956759
Israel,,2020-03-12,1.2077282077642926,-44.50351215925027,1.0,0.3820693146383553,0.2496983302627976,2.693245309392676,2.0424370216496763,1.7154026536076026,1.7058711160265143,4.796084891940269,4.699887408462603,0.3523825580018782
Isle of Man,,2020-04-05,0.1904533766441209,-200.0,15.0,0.02,0.0685963750711024,5.0,4.997122367078242,0.0116811107085243,4.981535697284287,25.85423264788733,0.7764274019433713,0.3712297242358381
Iceland,,2020-03-15,0.1305717912385035,-198.33510521673296,12.960535639160382,0.1178301340133556,0.2485969913504387,4.6614341073412575,4.999970786205466,0.5234950452701366,4.995829796981564,10.091388220539022,2.854609643253492,0.8971666713496278
Algeria,,2020-03-22,0.5533518090625064,6.008366766333861,15.0,0.2838897097105179,0.25,0.3986300483759891,5.0,0.001,2.374167831898849,97.50579156313162,45.71001417590074,0.6903664474275435
Greenland,,2021-07-28,1.5,-76.87554936931394,1.0,0.1736182716762508,0.2167248105889391,-0.2,0.3095148413289334,0.001,2.7907518588649345,0.852762294451314,3.4965767822425238,0.2626086721950973
Andorra,,2020-03-22,0.2965363406353177,-15.744795523594634,6.191350651783923,0.3329665646428892,0.2381392256218322,3.7870181350462313,3.8940570130017886,2.0645410532474773,3.4774923300099183,10.854170131670385,1.5893870545305042,0.5010020880090197
Georgia,,2020-03-30,0.1948417515650238,28.125033691696924,14.875487867850172,0.1293003553564088,0.1460967453955648,-0.1223833230009293,4.924124458692885,1.5881136476455422,4.997990021093752,46.98277882701075,1.8208576489925488,0.2
Haiti,,2020-05-07,0.3806393888790482,23.23687931713152,15.0,0.2474373666257027,0.0570899619039479,4.641920661592555,2.4461648345991707,2.977625289316461,4.99993801304062,153.11222056740235,56.867855433005786,0.259462509017071
Lesotho,,2020-07-09,0.2940973692461318,-151.52958957623378,8.52557596653706,0.02,0.0339613433156465,1.808539674088685,2.155264787142591,1.2474928200763729,1.244638540128703,0.0,53.66535208507086,0.4365387167936588
Japan,,2020-02-22,0.59422239095272,-112.30961531776852,6.781020328987836,0.4955295448287959,0.2495183948515656,3.2239867489521945,4.470383193827272,0.0010237661501453,4.955008422431134,130.07254340394945,60.75675752739176,0.5310117781692609
Comoros,,2020-06-13,0.2701367564319484,-96.3763672227442,2.7911866644322565,0.1659397403231955,0.2000127738928416,2.404857221851863,4.472863000124328,0.0012150686134054,4.9453111712311175,52.743649087225776,14.40296319410526,0.324698334385081
Italy,,2020-02-24,0.6852773966346121,18.26953243935418,2.1556648527470816,0.0200853675022868,0.0520963158016171,4.940970134861258,3.409250107200707,3.5363635801507605,0.9885541817292338,19.643540961358624,1.022360263620675,1.9261781171386076
Bosnia and Herzegovina,,2020-03-22,1.4999787194408607,-147.7575970741467,1.000290867578002,0.0536021244486758,0.25,0.9197868159223156,4.98980909879427,0.001,0.8336779904982379,159.70276511496763,75.2216135042841,0.8439130312874
Mauritius,,2020-03-29,0.1,-200.0,15.0,0.2259896303327387,0.1260640560202582,4.999977569869494,1.599901225414002,0.0844850702694717,2.282266254197729,293.81398977435447,14.29149686143028,1.5417842101855852
India,,2020-03-15,1.5,-186.01112655587056,14.039004845303973,0.284481637644028,0.25,1.853352818990404,2.5232189789676114,0.8576496105647744,0.6101171575968178,0.0,30.74650527722456,1.3882600161594498
South Korea,,2020-02-21,-999.0,-999.0,-999.0,-999.0,-999.0,-999.0,-999.0,-999.0,-999.0,-999.0,-999.0,-999.0
Moldova,,2020-03-24,-999.0,-999.0,-999.0,-999.0,-999.0,-999.0,-999.0,-999.0,-999.0,-999.0,-999.0,-999.0
Mali,,2020-04-12,0.7430291721959922,5.609616375177485,14.994734484200649,0.1087431828390105,0.0841116021705737,2.427079676223522,0.0227612733023742,1.5192341474145457,5.0,190.77437240499057,73.95831524891359,0.2333964092546974
Russia,,2020-03-19,-999.0,-999.0,-999.0,-999.0,-999.0,-999.0,-999.0,-999.0,-999.0,-999.0,-999.0,-999.0
Kazakhstan,,2020-03-27,0.2194750939899162,30.172047808315416,15.0,0.109213837617799,0.2499689616996196,1.8437650491710724,3.508470104394961,2.728230566960641,1.2136770278116726,89.87173529946689,79.74196311781998,0.3146581750582422
Reunion,,2020-03-27,-999.0,-999.0,-999.0,-999.0,-999.0,-999.0,-999.0,-999.0,-999.0,-999.0,-999.0,-999.0
Saint Barthelemy,,2020-11-13,-999.0,-999.0,-999.0,-999.0,-999.0,-999.0,-999.0,-999.0,-999.0,-999.0,-999.0,-999.0
Maldives,,2020-04-24,1.499957971702006,-80.11447146051755,1.0005681388484884,0.1839390583740009,0.0653664226823939,4.498831925087129,1.6432801471373095,4.395971303393126,0.1572297291441587,92.57484953523957,86.4828882872965,0.5728091003300543
Ghana,,2020-03-27,1.5,-9.499238736272911,1.0,0.0904515914230045,0.0240910147519286,0.5788664172081269,3.5151461810358446,0.0010946695451043,1.370812089311345,47.60992829580809,6.820621523961313,0.2296118366985512
Australia,Northern Territory,2021-02-05,0.7845486638308207,5.947988793756915,15.0,0.0400847143157954,0.0185516164479185,2.18256069760905,0.001,0.0155261494681829,5.0,34.31628128493791,1.4574754067850526,0.2059832755405428
Nauru,,2022-06-19,0.1336974042745455,-199.99988727790347,15.0,0.5,0.25,0.725114229583049,5.0,2.273452651003736,5.0,15.57020829013175,0.8176325045274438,2.0
Libya,,2020-05-30,0.432237122100981,-67.25643203596974,3.413513346645158,0.4061760755555237,0.0865139913651813,0.4916716949518513,3.818870230401973,1.2312941422304762,2.608907077523382,108.96016321447507,64.8238941561363,0.3779345280010734
Montserrat,,2022-01-09,0.1,-199.99996193557067,15.0,0.0204968235481728,0.0363927397674094,4.666957252578169,2.685486931054552,0.001,4.827757600187944,271.4868015319912,29.41836802118525,0.2038473314051431
Liberia,,2020-04-20,1.49964563785595,-31.37164897760438,1.7025978529469323,0.2388217212277272,0.0176663356639426,1.8090817209287944,0.6161974358844113,0.0012153801391979,4.550447615681171,63.91385919383968,12.318879268533124,1.0496723463948006
Martinique,,2020-03-30,0.1006903659049982,-199.99572565491096,14.9997476616483,0.4393766490216987,0.0423021010731988,0.3827182800183758,0.0010226474326686,2.081626095102197,4.73847824901933,64.39807977894176,41.0548616608266,0.2000737914253201
Mozambique,,2020-05-12,0.3719928547870018,28.13971987776116,3.457612237777574,0.0249814798907912,0.010705503585994,1.987071032641336,1.9141349309063576,0.0022532570708903,0.0327181461651427,121.54278499925424,89.28229613860259,0.2211487056428061
Guinea,,2020-04-03,0.3503688694808637,16.528014794490772,14.987742475142866,0.0461256635865439,0.1762997053729987,4.184093296434694,2.827442982409506,0.959624009593736,1.3926900358833316,76.25306422743915,50.21324094145623,0.2932655973766621
Mongolia,,2020-05-16,1.5,-65.10309060949365,1.4275576000459078,0.2035196615549538,0.0582460827923843,3.4853203095296936,1.4662949921822162,0.001,4.823510493344936,96.54384674887888,24.33407872534712,0.2207253104710872
Belarus,,2020-03-31,0.3239815358786594,26.07155566385444,5.511796669295665,0.1693544954720536,0.2441483182791309,0.0016072991060243,5.0,0.5453047895156806,4.963975592923816,89.85423839166918,28.938266769930426,2.0
New Zealand,,2020-03-23,0.1,1.3715268960222824,15.0,0.02,0.0319066233757142,4.999984873587271,4.998657014987719,0.0071366337988206,5.0,35.139488846737414,1.356012056708218,1.9258391760160265
Kyrgyzstan,,2021-06-27,1.2201896235473593,-29.21499470035312,1.0,0.4107262115704529,0.0494156202439322,0.1130771319184208,2.3137024755274744,3.5799220799093088,4.999783305274164,48.24895238079097,1.363078915092535,0.3006602966026265
Nicaragua,,2020-05-21,0.1256721172830309,24.120800687631384,15.0,0.2172199745885128,0.1427505373323278,2.0328119650470646,2.0518778630517263,0.531640250657364,4.999834267411067,93.78311319622432,22.75510434237482,1.3314302334396182
Myanmar,,2020-04-19,1.499973101085483,-22.75418867225656,4.676926096502596,0.0201511843206304,0.0584575678096846,0.4259590826745704,0.0026401541065117,1.4197698745677767,4.996646414435126,155.07803545016486,51.2294197077043,0.2387145841979533
Burundi,,2020-06-16,0.3602008839828584,23.336518558475458,14.840936818630142,0.2076696903432903,0.01,0.0669310075948601,0.001,0.4627692496647387,4.999994134303948,226.92010627504249,80.41063740999859,0.2
Malaysia,,2020-03-10,0.2383354546343523,27.43514288765751,3.9802940888308527,0.2026429450742926,0.2416944599977212,1.9295688654295675,5.0,0.001,4.659487542962616,255.46064044025843,8.560814258886756,2.0
Jordan,,2020-03-23,0.5628462801488646,-1.7343952583742412,3.371609901741559,0.5,0.2479774224881006,4.87136440960552,0.0024297179697109,4.55505164933615,1.049706987080521,192.04168471533356,58.75416096588804,0.249826386196194
Mayotte,,2020-04-01,0.3581629525471921,37.0602935189026,7.184472608013406,0.0200050036924875,0.1121408089057193,3.263610987874584,0.0020619209666345,0.5110576190923729,0.0590476723415045,31.63848833874918,76.89409883781968,0.4285670624141035
Monaco,,2020-08-23,1.4999999894641662,-61.63579273439746,1.7194752459817673,0.2107852872934678,0.1034720163742952,1.4312998914653046,1.9904516091479552,0.0010007621443994,5.0,167.51907991235447,49.690379736220926,0.2109595148352207
Lebanon,,2020-03-17,1.5,-42.65930640052113,4.610739346397338,0.4728779903658763,0.1637713078540325,3.763351656774336,2.5467133187516224,0.0012404933195513,0.6430113822300735,18.73913249001266,0.821368198837581,1.4970715591363797
Netherlands,,2020-03-08,1.5,2.069382936268191,1.961536796742182,0.1221491553578828,0.01,4.868136784754081,3.150118253526645,2.63823423287131,4.728734544750894,184.77027007481823,33.370613196914924,0.3076747281883834
Barbados,,2020-07-13,0.9797849045851404,16.754285391539092,15.0,0.2138960119678198,0.2497388227000331,1.3263959857378878,0.001,0.0030765192410364,5.0,69.01615134601171,13.664982496729156,0.426267280829428
Palau,,2022-01-16,1.5,4.772895433617081,15.0,0.4699353397804835,0.2498685162449171,0.4790960125987331,5.0,1.3353734921943723,1.4059553918069396,120.86689025993996,91.09507790611288,0.2
Syria,,2020-05-26,-999.0,-999.0,-999.0,-999.0,-999.0,-999.0,-999.0,-999.0,-999.0,-999.0,-999.0,-999.0
Albania,,2020-03-25,0.1410968831098328,-74.4678117026526,5.889683437498055,0.3291066468625651,0.1331073316360667,2.37567751651111,4.981236392882846,0.0019055826160726,4.203849172561553,20.09003738892331,6.194666523384282,0.6015779099737932
Kiribati,,2022-01-26,0.474600735836005,5.888430744014169,15.0,0.1773623193411806,0.1181765431548349,-0.1995509658483541,5.0,0.5161666298271497,4.999923616353302,60.52701715841437,7.822406515999993,2.0
Jersey,,2020-04-03,0.1526939815448989,12.165762836069558,15.0,0.4554300550367152,0.0119890715654899,1.5278277396019204,0.2698790820452224,1.503073308671791,5.0,183.6508091149619,55.82181919222366,0.4012789347481397
Portugal,,2020-03-15,0.8935410709295232,8.913815131294042,4.019769755067525,0.4249717887609753,0.01,4.485973834529245,0.28743636177652,3.776167158375919,0.4409958091678546,118.72830662468576,60.47111425153008,0.2999962348202679
Philippines,,2020-03-15,1.5,-37.56891487695656,1.0,0.02,0.0388214702623343,4.999903001108339,1.8744959775552548,1.520456250479472,3.387436256506706,8.611778616184193,0.4318325376460791,0.6947730406325088
Saint Pierre and Miquelon,,2022-01-05,1.433306467101488,-101.84800306248388,14.130644204645751,0.5,0.25,5.0,0.4158826717374134,0.001,1.2233286975509368,66.94589038000831,98.15462363762028,2.0
Guyana,,2020-05-12,1.4885362680103804,-84.63740379333531,13.645204071513971,0.0203982663526448,0.0104969528251498,4.997562027755684,0.6943223839003974,0.001164047199947,4.961853413914306,114.14035212303888,37.52716356566507,0.4416275898780262
Norway,,2020-03-05,0.7908217213768666,-34.799182591590366,1.0025382860779233,0.0573602256582282,0.2314319650571854,3.453205116576777,5.0,4.10277369923955,0.8181125029589849,11.258294956286075,2.9701625850860216,1.6121181661099662
Mauritania,,2020-05-20,0.313901748973974,31.90939768070115,15.0,0.02,0.25,4.999873750899729,4.961306094966326,1.2236337658156495,0.026696704673529,48.46215484768737,33.41237502176225,0.3499641377594579
Turkey,,2020-03-19,-999.0,-999.0,-999.0,-999.0,-999.0,-999.0,-999.0,-999.0,-999.0,-999.0,-999.0,-999.0
Czechia,,2020-03-13,0.650432404120618,10.36962017172179,4.386431743044281,0.2291346422077295,0.2499999893897092,1.620177163703764,0.0010740803879596,4.9850240749414185,4.999878161810761,226.4898648106247,69.16896921618066,0.564305590066698
Pakistan,,2020-03-19,0.6764044067018813,-26.090262716951468,14.999867608730888,0.2553838782162999,0.2060104821496705,4.481907200925028,2.142396958564508,2.353101533066569,0.8294784522319775,17.472924826423437,60.88636296641321,1.060776685246903
Niger,,2020-04-02,0.1697149243043308,-200.0,15.0,0.02,0.0224711793099634,5.0,3.1246460076170544,0.633749012341534,5.0,30.18379155115077,4.781104915653563,1.8273979819016428
Tanzania,,2020-04-18,-999.0,-999.0,-999.0,-999.0,-999.0,-999.0,-999.0,-999.0,-999.0,-999.0,-999.0,-999.0
Armenia,,2020-03-19,1.0530876653846255,-172.13361633526964,14.838723222879064,0.040696796155718,0.212210562552472,4.3128198040333325,2.5184120313766063,0.0013196012046441,3.0439531277804925,155.3726800645132,65.45919742226413,1.941005929002653
Montenegro,,2020-08-02,0.7366216395786778,-83.25956781470289,14.081702024452772,0.02,0.0362660499745853,5.0,1.415355910374861,0.6740969080017473,4.938836805249339,123.3659863013606,50.683621584745424,0.6954941258848446
Solomon Islands,,2022-01-21,1.5,-48.02853903585345,1.0,0.0556290233168341,0.2334405446023813,2.30103904124847,4.257043092201433,0.5507718275190725,2.121518552386083,4.245346369983471,0.5258392511175373,0.8086584008653954
Botswana,,2020-06-25,0.3346909053530776,28.40035945601282,1.3018895729154494,0.2865669728929727,0.1339141137626169,4.999886870187047,0.1976652853489814,2.3163029612818007,4.999749099663746,236.92080443760332,60.184791330303554,0.2491417490785027
Niue,,2022-11-22,1.2714202652697004,22.77194429444265,14.999898600243476,0.5,0.0285093547260057,3.366148551149119,0.001,0.001,5.0,34.23729708709038,2.923773284901344,0.2
Papua New Guinea,,2020-08-03,0.6338555257525164,-0.336667314650757,2.306239297253751,0.2641475739220998,0.25,0.9107725708269744,2.4110836122181185,2.065052069299956,2.8905104472507945,203.60841922951036,20.13000034629469,0.2371302770694286
Marshall Islands,,2022-08-10,1.5,100.0,15.0,0.4923431607885277,0.0231321605896943,5.0,5.0,3.385590637155988,5.0,2.8434682053504314,99.99999999145828,0.2
Malawi,,2020-05-26,0.128255548845509,34.97293862428298,4.802128223253142,0.02,0.0500098041470243,4.913445680252312,0.0244002252661931,3.044533861682932,3.382964652621389,56.40884991773354,71.47350309579556,0.2227900374765957
Luxembourg,,2020-03-22,1.4828516997067185,-123.60263506131103,3.3966982964855426,0.2910315816413447,0.249521923799905,0.3167622378621266,4.745739237742395,0.1539948800936593,4.7892669812379305,108.46931412276668,25.13144100710925,0.6120831084192844
Qatar,,2020-03-12,0.3651476500901801,63.62847468446505,9.87889964552031,0.2492934297194903,0.1373339194930392,0.3120948612824845,3.861569153842542,0.0860399712157686,3.1000277492295574,44.8853676803978,0.4488581752084343,0.2019082237953081
Ireland,,2020-03-16,0.3593332181710245,27.142866879277594,15.0,0.2485093973041572,0.1964197005320865,2.0566155859954773,4.406559317401561,4.9959629809145145,5.0,103.94907662679373,30.603116789186245,0.6179610112842008
Namibia,,2020-06-26,0.3867334508410778,7.703641011998355,5.446638971216654,0.1029769078245183,0.2324806485489274,2.834689349552761,4.057939314679187,3.203402250989565,1.303179032040324,72.27827927668534,53.84284213724846,0.2723222560212762
Seychelles,,2020-07-10,1.4104116098638368,-55.89255902236381,1.1647867796237432,0.0718395287209062,0.2355161640490412,1.0327338533249155,0.4705261522814065,0.1328208536393829,5.0,235.05441376375623,67.39379302278793,0.2120387250599199
Panama,,2020-03-20,1.0996016473602563,1.934013237355997,1.9937140870254595,0.2542860997715329,0.03912689800123,4.136880593826096,2.97526834504294,2.937597521466252,0.3074777265023088,35.539962175012185,3.542440682358677,0.4962978227706263
Paraguay,,2020-04-06,0.7822580467523428,26.47260359852745,15.0,0.3095681254522439,0.0644426097529987,1.644904781385434,0.0461728710425103,0.0077708083537481,3.4487672961951965,188.2219280988012,0.4583148758399517,0.2432930277770121
Nepal,,2020-05-07,1.283026354195862,9.832845142206423,2.0719239954102435,0.3791787786154826,0.048093343525511,0.0878193363559966,2.095828630720197,0.034647558583377,4.951394474020336,244.6364148038095,80.07563498541617,0.2001743912452497
Samoa,,2022-03-20,1.4999948672394197,-49.67809980168515,1.0,0.3374684730929222,0.0228020841788908,2.489168636377205,0.0658051027296636,1.8979394863167955,0.2247135585640219,93.3443152063654,100.0,1.9325861930231605
Saint Lucia,,2020-11-05,0.2062171607439986,16.61334981438581,15.0,0.0322751962689765,0.2440663436613607,4.804408430848726,0.8819785769779792,0.3331077888285671,4.9999931830191375,122.10963759882652,29.90251729211364,0.4593386757889682
Ukraine,,2020-03-22,1.3209470216551178,-2.9426636211805315,1.1261037878956428,0.0228790910730144,0.0127957509575961,0.7010016772366542,2.872278262716129,2.722131696772624,0.2025134320930499,17.37130699994349,2.376909542852315,0.2813828090720088
Sierra Leone,,2020-04-29,0.1832913875687858,14.684443726128992,4.597529725071104,0.2402123569050726,0.0325599790776955,1.6208362261177602,4.651204822218402,0.1996420221059936,1.2457075579218957,31.071128123750224,92.58943228354964,0.3270075323856994
Tunisia,,2020-03-25,0.1000953091777628,24.12591851890117,3.594409264518938,0.3737067811504338,0.1674232134719029,0.3261311989811369,1.4588405808336242,0.8087970492387508,0.7566644413056093,73.35953814583354,91.39075095837072,1.6123130809104187
Slovakia,,2020-03-19,0.3514230167586072,15.301002439111771,15.0,0.2002398098882837,0.0285407728862964,0.3630342387905723,0.3030459888879334,0.458472354775359,5.0,23.00744776854567,1.1914413960150043,1.4176227243021435
Trinidad and Tobago,,2020-04-07,1.498152209975332,-153.44397590283393,12.31209636102293,0.5,0.2498689641520219,0.4600184625569347,0.1067684414637722,0.145688905311725,2.4214613016940545,228.31450108007996,3.4415650549310954,0.4758072194514866
Senegal,,2020-03-25,0.949393502074086,-28.91526564361284,2.843329977581241,0.154050702568939,0.25,0.0422351287815432,1.7193939987441254,0.3173668246945665,1.6306081307950084,27.536346903419982,5.32839033843623,0.7961685961554025
Singapore,,2020-03-01,1.499999033834671,3.250709648221435,7.004319121358151,0.0201393569019688,0.0269663764362794,2.12840270973883,0.8383078125688881,0.1512133740600258,4.693769084095146,114.70894869658176,38.53197485546424,0.4354501062457023
Saint Vincent and the Grenadines,,2020-12-21,0.7745429721331201,21.74417857818217,15.0,0.1504642834687505,0.1086414383354929,4.412019646627202,0.0447516113609933,0.0070342721408978,3.563668891299109,126.04544262574252,40.10309180696351,0.6676965643834682
Togo,,2020-04-30,0.1948408037601552,-122.40447208968992,1.0081497128346455,0.1693896743104054,0.0369158516891367,2.878670606041459,4.181460997902486,0.0034129173208223,1.9071762546017883,0.0,25.105325943101757,0.269724848855951
United Kingdom,,2020-03-04,0.5803965066999609,24.694483277615305,3.789395229396892,0.3024409001980913,0.01,-0.0969325622225703,1.9634067807458533,1.1774025545688966,0.4465534123168029,144.06675062526944,87.34865091583322,1.9754532524928452
Eswatini,,2020-05-02,1.444359793066712,-31.211486254185623,13.4587856537534,0.2553746086904975,0.1975034696107443,1.7602511880833855,0.3550913597992879,0.2264370667849282,4.994924392581055,124.18677715327205,42.88566432339627,1.5532462553902244
United States,Texas,2020-03-17,0.3898064497987832,14.069542017261483,15.0,0.0200248428709865,0.1395778543569545,2.1221555123669185,4.94754464892736,4.302218688956111,0.8467799411308696,55.83202405510257,96.238499485554,0.8925261501542626
Gambia,,2020-07-19,0.5101509015471595,17.485910390942816,2.80036779566681,0.02,0.0664641385749121,1.502558642593036,4.999952980995442,0.0021328526730091,4.57642046721412,140.49221967842044,22.914235006373485,0.4076217016608556
Somalia,,2020-04-18,0.2160905912228004,20.84879302775117,15.0,0.1997053600417091,0.1414519795117784,0.4138759808611457,4.983672774494737,2.312497533442067,5.0,67.68228981703611,21.9334790642967,0.3736877763140311
Slovenia,,2020-03-15,0.4219255842138592,11.118543333541224,15.0,0.1660748127514611,0.2177564897565336,4.817479041986962,0.0024794066524427,1.7486888324595304,0.416111142390714,22.943992981774823,8.056671020067824,0.2493250455099356
New Caledonia,,2021-03-18,1.5,-199.9998981536666,15.0,0.4430733340938395,0.0242055135658034,3.6695979920968864,0.001,0.1862981102530211,5.0,21.54312135763941,1.4206771582038211,0.7127461674969029
Morocco,,2020-03-23,0.2630383342590697,24.100217666220964,15.0,0.3113126725882864,0.2401261663405433,1.7314876261543373,0.0165555781506117,1.6984141432827329,4.99999844609892,200.0502954508137,86.78564528208489,1.4195020489237715
Turks and Caicos Islands,,2020-07-31,0.3306753150324025,-152.731564555884,11.431368009847525,0.1991788009358928,0.2248252381348122,4.987898433124681,1.3321846901743188,0.0023566306737446,1.6287227702672364,18.018500016836857,8.655399548495481,1.2048032450520345
Sudan,,2020-04-21,1.1850610500978986,3.7765564075245375,1.523353968401483,0.1435970834824066,0.0469436957739645,0.4033304045879441,2.766508095835539,2.253938471886096,0.0866012806024541,14.348108155241052,1.06225459894669,0.2022479826716287
South Sudan,,2020-05-09,0.5864302726818456,11.38701749959781,15.0,0.2608239560873663,0.2406695869202065,2.2686994177917867,0.0019233188933871,0.7928264630253,0.2919576202009956,89.46055097366,99.21902063067569,0.595331520556177
Suriname,,2020-06-08,0.1952595521500344,81.739591820138,12.887297833069155,0.3570073345584069,0.1925783606207113,0.2273887633173518,4.9531749885257454,0.0306487970962744,3.9653828674368303,45.57254108945197,6.7441691266495525,0.3269945984476898
South Africa,,2020-03-19,0.1428351286570597,-156.058622932949,7.156810223018554,0.2726707970245461,0.25,0.4133247901013298,5.0,1.8828856394477065,4.7125183279643625,27.464965215927265,11.630916639884402,2.0
United States,,2020-03-04,0.9326485181426716,20.95598067546227,2.3151849399366338,0.48867587350839,0.0977438736853087,-0.1919320087810054,4.449977599730296,4.912504893187343,1.7633812370437596,291.52641383906143,29.48824297234058,1.1474631975232894
United States,North Carolina,2020-03-19,0.479686039788098,9.06152873904522,11.88213588963766,0.039173373087905,0.0562430814094614,3.406512604775407,4.999294040023539,3.818668162959302,5.0,211.2223555289534,96.87471095936152,0.4745439387621015
Tonga,,2022-02-13,0.4700020260955072,35.90727098992335,15.0,0.1013452654048533,0.2499839197911845,1.82480897129008,1.956668452843352,0.605449215942936,1.1958594971943175,208.75099239429167,54.654461917400944,0.204074048939587
Peru,,2020-03-18,0.633160048109382,19.338719336386117,15.0,0.02,0.0121429715165251,1.140233574096791,0.027261761148746,1.762791751307062,2.8095219595662284,147.1495517114356,73.83280714420044,0.2016586798557166
Tajikistan,,2020-05-04,1.5,-88.46649627942892,1.0,0.02,0.0587491051962802,3.797789796314062,4.999073099762427,0.5573606088333551,1.9390980579883723,9.731993866728615,1.0121034637406274,1.2055042300607053
United States,New York,2020-03-08,1.5,9.411481784933144,2.94054060244693,0.2214116155259159,0.25,0.991271007146094,4.849580423916735,4.655345607007713,2.8107039449822383e-05,0.1484930190980549,17.224906950575154,1.029281819358897
United States,Georgia,2020-03-16,1.4999554729527078,-3.143424817441093,1.8387371283441871,0.1685773636683499,0.0320211645995371,4.822295719818106,3.016276449867767,2.857988485176294,2.612605095661758,5.323858648692244,0.1072749750917609,0.4123854092184187
United States,Illinois,2020-03-16,0.3997437847955761,16.092821936327702,13.851038237359017,0.1466609348713737,0.0324046290077827,5.0,5.0,2.7652227725793868,4.833915933983747,103.910010612233,42.53922573242733,2.0
Tuvalu,,2022-11-05,1.5,99.99998438695972,15.0,0.2722460751915935,0.0471397088781527,1.4076609933104542,5.0,1.304733102281591,5.0,2.154275203997656,99.99994495325222,0.2
Sweden,,2020-03-07,0.3788698870995627,25.461560610583675,7.282922977745513,0.235677282215843,0.24997614613441,3.092518445191427,0.0352824948504677,4.989983678838446,2.623043108180099,67.67577382367881,20.491149900819163,0.5336135573281248
Serbia,,2020-03-20,0.3615326542489313,23.370205684538337,15.0,0.3211253654741475,0.25,2.7595813575720247,1.0984801213241824,4.758956190727565,5.0,84.14832191790217,23.473575311341783,0.7018765921811247
Switzerland,,2020-03-04,0.8561017015915914,9.855459939392215,15.0,0.2144787605874689,0.0809852227001631,1.0630859379799469,3.7398521679015984,3.662285667292845,0.4190112988474496,10.331816424816113,11.207544012507029,0.4177315060359075
Thailand,,2020-03-15,0.8429295833053794,-44.60298616176338,1.7473830506272432,0.2302231051455094,0.18165695939705,4.014428967513354,4.999300537824592,1.809985462191215,0.8622884012776765,2.484482287967273,4.900970018015714,0.7732381243189469
United States,Nevada,2020-03-20,0.2497862443018593,29.961226242980896,1.0017962437430925,0.2992639620539239,0.0369052188788627,-0.2,4.379709468192052,0.001,4.989985688575362,62.13366513496458,12.98987273793642,1.7359546128679777
Sri Lanka,,2020-03-25,0.7223742872001908,28.208622017403044,15.0,0.3866738214448909,0.01,3.048541612033729,0.0664867836721874,0.0081571299081531,1.1277122542853917,272.2130095656785,25.670061351946394,0.2013565171520764
Malta,,2020-03-22,0.4360530143661292,15.691847137605038,15.0,0.0207331273461797,0.1817935157246083,4.07152826027538,2.129002647174245,0.0023936754026761,4.999962951941368,39.13751995548466,1.0854345529663392,0.2000001396061365
United States,California,2020-03-08,0.5034700310068477,18.4676983644648,15.0,0.0368216415337964,0.1188515014531129,1.212276857933685,4.143263662032805,4.206980341526815,0.8319029943198216,92.04918438397414,86.0490548334455,0.3335315885956871
Venezuela,,2020-03-28,-999.0,-999.0,-999.0,-999.0,-999.0,-999.0,-999.0,-999.0,-999.0,-999.0,-999.0,-999.0
Vietnam,,2020-03-23,-999.0,-999.0,-999.0,-999.0,-999.0,-999.0,-999.0,-999.0,-999.0,-999.0,-999.0,-999.0
United States,New Hampshire,2020-03-23,0.1400711920962944,-138.76471209851158,9.898928507909716,0.1762830910052827,0.2109221847775662,4.986654381740787,4.547198243966689,0.002512188794468,3.632921737795321,43.56774998656933,36.64552795136604,1.2528448051718857
Sao Tome and Principe,,2020-05-04,0.5671258540354888,17.932059347040195,15.0,0.1655290317792516,0.0517639356774837,1.5467571687941322,0.0067994022377248,0.0360175260547905,4.6228405370053895,79.77529272041335,22.45833731855572,1.1726683601915548
United States,Arizona,2020-03-21,0.3111311257801863,7.355309663315171,11.942781175852284,0.4815132051966972,0.2261006532265112,3.4692975832394013,4.997867433518981,0.2071719271921693,3.124980973981548,95.63556216666092,52.30381141369104,1.9963300291772796
United States,Indiana,2020-03-21,1.0155347720863943,-68.44919299511298,1.0,0.0308202711704014,0.2487521734328027,2.125387612601035,5.0,5.0,0.2956393677332296,23.47441120042581,100.0,2.0
Palestine,,2020-03-30,-999.0,-999.0,-999.0,-999.0,-999.0,-999.0,-999.0,-999.0,-999.0,-999.0,-999.0,-999.0
United States,Maryland,2020-03-19,1.5,-12.803196462264143,1.0,0.1549886318186879,0.0292520589418476,3.274897263777031,2.5784100955249083,2.754331197744156,0.7634342691744449,7.992329646600942,1.0013097356596024,0.9749953412309084
United States,Kentucky,2020-03-22,1.464213762414092,-22.994525865956422,1.0362965799968558,0.0204554224350047,0.2228176458308784,4.123021262683928,4.723345851318504,0.3665878597661803,4.999706757618473,202.77254382579383,56.927125663911305,1.147757991554313
Poland,,2020-03-15,0.3214615415368367,17.440999278601137,15.0,0.2976821272090093,0.2439935333404041,2.1815749693797843,2.8602818064359283,0.2930481759406733,1.228294719381102,67.48553352960107,52.05417887952657,1.9970197075040896
United States,Hawaii,2020-03-26,0.1,13.440225626848742,3.158105796053486,0.1178697336902056,0.1695257222402424,0.6838106663211786,4.939325254058639,0.6382491425151932,4.999947448523022,39.595488826650126,1.959845589054928,0.603874904253825
United States,Washington,2020-03-07,0.4923122941831584,19.06208884300309,7.119901316531212,0.0942147043098537,0.25,0.6287259777121024,3.864013819146411,4.999990652567421,0.1635478065861678,59.87195751781236,78.23491772158485,0.3530113896212674
Oman,,2020-03-27,0.4881424611411124,16.500983074284484,15.0,0.02,0.0330503245773013,1.063176360724251,2.050755135696356,0.0011256852594361,5.0,171.60060932913348,69.43044425541805,0.4366236652074354
United States,District of Columbia,2020-03-23,1.4079530796449604,3.632148132010553,6.8242175156976055,0.02,0.0352501958870531,1.927132840101406,4.877929595261363,0.0074751489347343,3.1387057888988004,150.4740352934236,52.78699239741108,0.524804510867894
United States,Florida,2020-03-15,1.493948482011877,-40.73069306814783,1.0,0.0200001002074987,0.2098297557447891,2.071883523019161,2.3886891766638736,2.1433469137382914,1.053166909365708,7.612683517271741,2.899706964236354,2.0
United Arab Emirates,,2020-03-18,0.9671418601743212,14.67685694184101,6.085870878321057,0.2163382494469334,0.1688388431356828,1.0987346564966245,3.0408985322319237,0.1067945790817936,1.3677040014847797,97.43633990767692,38.47419174042245,0.2084325983230863
Honduras,,2020-03-30,0.6583205556602353,-1.0350257657504864,5.596094558111021,0.3243290414044537,0.0983978745146821,1.912996500161305,0.4252828932782108,0.3562888001371424,1.170973931347261,76.0583456491266,96.79416587123272,0.2976761800867861
United States,Mississippi,2020-03-21,0.2993027011973931,16.32683918513969,1.556997960627707,0.0900867514281566,0.0665368807928992,-0.0943596685341547,3.8185413170272433,3.013080911587602,1.829565063296552,142.2816632169287,89.73954138704838,0.6431486167276117
Puerto Rico,,2020-03-25,0.1018519509334863,-199.99999844537496,14.999634334651754,0.4924997008314299,0.2179958746475142,0.6039607974034263,3.671519676510105,0.604437220068774,3.345539382656724,32.62615993672195,14.97565304448658,1.2949934736815765
Uruguay,,2020-03-23,0.4048819815016693,-88.85778640193718,4.008394943091691,0.1275301782477944,0.0926167348732325,1.229366882496412,4.489693911869609,2.164988664018389,3.120576747205166,111.41977598907602,50.234347429713466,0.3056923506234755
United States,Delaware,2020-03-24,0.9189289463967364,0.8719513527301602,1.0031389363645775,0.2424241608993768,0.2029849056593952,3.045626481743258,2.9010004731061247,2.8574572324783434,1.5731327472676797,4.830579064685655,0.560222433878414,0.2546020804781059
United States,New Jersey,2020-03-16,1.5,-26.611682711105157,1.0,0.0319493795045263,0.086787068667489,-0.0076215365021911,4.99974534524248,4.999036165623249,2.5566780228480828,7.672117794981188,0.9945594149174668,1.999509195071476
Rwanda,,2020-04-05,0.5014310056934902,19.32689243730417,15.0,0.0327787859064369,0.0252108580793817,2.0681383178360933,0.0725411284758318,0.2082758489949982,4.999966108251443,49.94072845023976,4.313065444874999,0.2044905797194419
Lithuania,,2020-03-25,0.3357322555208256,5.465596246982056,14.96077247994948,0.3159548699055268,0.2195277077368083,-0.0767942196130904,3.851168538033289,0.0011179263718077,4.999994283557204,19.087959126204257,0.6793681958144816,1.1764696054755142
San Marino,,2020-03-17,0.1901518091391378,27.79205744504048,15.0,0.383109603919528,0.01,1.9752039101438248,0.0016684404190808,2.354269318656239,3.91028014208452,116.94721470948728,53.70461881297828,0.2213766957220258
United States,Kansas,2020-03-24,0.2947242005890811,37.37584302067153,13.863093674174651,0.0867003239410349,0.155372430643099,2.069342183971609,0.0011123243312953,3.2972535692623786,4.998258958549175,118.81896697981624,36.69716421145155,0.6820550087932054
United States,Wisconsin,2020-03-18,0.7233432592031084,5.8848956244963135,15.0,0.02,0.2493266253860473,2.6895973563388904,3.290771786218813,1.8084788160088088,5.0,151.64613517287108,59.58064335641205,0.6540335651904393
Romania,,2020-03-14,1.084419683655993,8.970619075759434,5.450299190145721,0.02,0.0972953363120068,5.0,0.0046731571328689,2.4233696395082385,0.1997796055652356,37.22125044088693,100.0,0.2055226150451188
United States,Connecticut,2020-03-19,0.5448182173725893,1.5167805292652308,3.273077330729273,0.1433001577663607,0.0672817748375044,2.48635851184224,4.178765586895273,3.0114126143168862,0.9291871841553796,7.081898884699728,17.04758919615616,1.1447550103455977
United States,South Carolina,2020-03-20,0.4655109347979121,8.963348973370731,15.0,0.0200047978483392,0.2096888696626075,0.2390224696468292,4.701860865299009,0.0019899482799841,1.276501624818248,80.91931917029439,47.21239424041358,1.11279506535873
Saint Kitts and Nevis,,2021-06-10,0.2222253278389288,2.3088537561516533,3.496745249019489,0.02,0.01,0.756893839498991,1.410683330532111,0.0039260508248686,3.826878113916922,20.564590675817637,0.8967263342160606,1.7479625979692104
United States,Oklahoma,2020-03-24,0.3646779026849366,5.630716429649637,14.961357717373364,0.06366477138118,0.2363658840972626,1.021748401840051,4.825551380228363,0.0010371659819126,3.894982556795833,132.76564383674548,61.83011654901798,1.665620890773167
United States,Colorado,2020-03-14,0.6585636529657158,10.249782425770274,15.0,0.02,0.0100022170243836,3.8276803862375055,4.993158721825457,0.0044058152232601,1.973321760614525,104.09540290126068,48.43245213542397,1.027702325086448
Mexico,,2020-03-13,0.1440029516808402,40.15990554706581,4.785933617365591,0.02,0.2367893969808922,2.527239474383579,2.5941669220848245,1.694024045889604,2.8302521961690337,42.67230745143673,72.46745919292596,1.372281138280908
Vanuatu,,2022-03-09,0.8184303347214034,-2.5151087133159886,1.8199149510843784,0.03962957969403,0.0192945799784964,0.0830524532664107,3.111259531751921,2.0475214837809066,1.7593466810110514,1.373126419081335,6.633633856526658,0.2223051164818715
United States,Oregon,2020-03-20,0.1286926046558592,99.93023786903116,10.926128281455798,0.1514587764468129,0.2302960841489054,4.804357356471195,4.370323990297628,0.0010356213502683,1.52535552230922,148.87521986270727,83.0463208413479,1.5768864265383808
United States,Pennsylvania,2020-03-17,1.4951626835063625,-5.6487825555881335,1.6902740657183035,0.0675064371985736,0.1220051573193871,-0.2,3.735918695754356,2.444902808065017,4.245065174224693,8.345483897038589,0.8645293793393932,0.6310384775990647
Uganda,,2020-05-18,0.7723330794897248,7.488504858514711,15.0,0.1792359128427147,0.01,2.765331516970249,0.2410228727302349,0.4777162160981806,5.0,75.65619381239271,19.27977022387524,0.6165219670112284
Zimbabwe,,2020-05-26,1.4997221762806725,-7.191322109155456,3.015474526956324,0.02,0.1318851190435258,1.040619507303404,4.996451412385248,0.0045863968194384,5.0,61.79582476606854,12.082037434711127,0.2
North Macedonia,,2020-03-22,0.5629708446670436,-129.4888948807444,14.999956901591052,0.31966818197434,0.0114313742855778,4.984687606346536,0.8340102678112262,0.3791969698745098,1.0637047749091073,9.45403535976584,11.1870629055647,1.195242211865723
United States,Missouri,2020-03-22,0.7645586864018402,5.234179966915934,15.0,0.1306095120926061,0.1923385132829075,0.2661033089216989,4.42808160362444,0.0258699211190613,5.0,252.601779263378,99.9663879490148,1.6313797590516987
Wallis and Futuna,,2021-03-11,0.1,14.871238475113756,3.668186664825871,0.0411285406659968,0.1806859577672903,4.340592894134614,4.187565766804624,1.8438184411631755,0.9454561451725408,211.0734231914846,21.7546792690674,0.2942255363768539
United States,Idaho,2020-03-25,0.9252453225235208,-110.51901524887106,1.077455260419567,0.0452489070825164,0.1348520781229953,0.9907695201614516,5.0,0.7783766179618425,0.3030502627986706,29.948433428017346,7.224255484959049,2.0
United States,Arkansas,2020-03-21,0.3225102533857029,-200.0,15.0,0.5,0.25,1.9744100283705888,4.9977111363539,0.001,2.973710813357435,21.036140158412884,5.479075515123344,1.673077631884874
United States,Rhode Island,2020-03-23,1.0509909109090798,9.485037676477738,1.97599019838784,0.1465415073224794,0.01,5.0,2.182858451925552,3.361482381665985,3.588608760987136,46.73830832295206,1.9186928221092532,0.2272790708979991
United States,Nebraska,2020-03-27,0.4045790446490389,34.368392496612074,7.385677991613919,0.2202703720150696,0.0821753698911157,-0.027265234551459,1.4139226390307436,0.0236930891104614,0.0657409399947321,0.2121882526602121,30.356962073599316,1.326496274997162
United States,Vermont,2020-03-25,0.3942325725211704,6.340077849367829,15.0,0.1031373732789292,0.0388181809713348,2.8423599454565216,4.961498278514759,0.1233646396970224,1.665862377928022,41.50429545514698,7.56276483424835,0.5195215145037645
United States,Tennessee,2020-03-19,0.8868916129580121,6.186932469186031,7.181554683510922,0.1854646646666933,0.01,4.44999478326258,3.278506009429138,2.6935962966884195,0.6160006989093159,34.41763826604869,9.783919166212874,0.5857309340984952
United States,Alaska,2020-03-28,0.2171919584590715,6.191675670430209,14.999912385894264,0.0554785130621247,0.0759834683327726,4.650309355806961,4.644710582193303,0.0013106300725412,0.7872524332408697,101.38071741100288,92.39549160527012,0.2568778243754178
French Guiana,,2020-04-24,0.4256844868083707,28.84557616821968,15.0,0.1719774700670651,0.0103533819106382,2.9424599447470348,0.001,0.0272936315434237,1.445387187386472,102.2227879419024,55.16812757152851,0.8885795810407544
United States,North Dakota,2020-03-30,0.3654335947399967,18.46179558292833,14.377721765558974,0.0200073824548305,0.0921968423429876,4.988660158659461,3.0963975809441835,0.0124310074679011,3.9812358678654247,121.07090422999642,50.8023080103175,0.2441758930180116
Uzbekistan,,2021-03-28,1.499192445147875,-16.81113649837404,1.5758119752209092,0.2179024560100734,0.1469825971483178,4.892290219973622,0.0118332840635331,1.188863673627968,0.2066399577046275,145.9369200903813,98.1496310373106,0.5492368262332458
Bahamas,,2020-05-30,1.5,-161.81321037581006,13.691551145063729,0.0247477047887556,0.0100408758169344,0.8529457764301054,0.0518156975846233,0.0032733135672767,5.0,36.77605108463786,2.4242738637846446,0.545812365049446
United States,Virginia,2020-03-20,0.4595651721737108,9.983027985469027,12.177299810633336,0.02,0.1982860288572416,3.205003693138056,4.086055809742799,3.4057923126938454,1.1866651463997808,79.12326531429134,87.27546402497681,0.4270761383589475
Greece,,2020-03-15,0.3749496192949751,12.95688333189656,15.0,0.1349888687562652,0.0815777836269106,0.9317600487144708,0.0010810266801733,0.9008193999538004,5.0,74.74660943794515,21.17847805383342,0.6143931104602475
United States,Louisiana,2020-03-15,0.8325983203852624,14.542439049793826,15.0,0.0335350305881523,0.1083237113378298,4.603234265494496,4.999547113587818,0.45762023174557,4.365540107186387,60.73005787536136,10.337791221415175,1.1776312586122295
Madagascar,,2020-04-12,0.486294453457886,34.07099704932373,7.855650302936048,0.2005564475135065,0.01,4.459490655090344,0.0336970532454311,0.0016494553958927,2.4904550704401003,192.740163482932,99.98580897388656,0.2547590041049722
United States,Alabama,2020-03-20,1.4960820070223606,-0.6560488984585472,2.3103245048614816,0.268565564456702,0.0100354817368773,3.5523077916105747,0.1358826235069693,2.7182023298741504,0.9978834689728427,40.22094536136154,0.563989259747052,0.7774490410255633
United States,Wyoming,2020-03-31,0.1505681518437301,-199.99812524484244,14.988251895366352,0.3988594974307624,0.1648815845819913,0.4236343834640406,4.725269572443326,0.0792053182929407,4.8558555932358125,109.38401952768106,63.537602457006535,0.4145954712858871
United States,New Mexico,2020-03-25,1.4996432696157218,-26.84263224360833,1.000371888175368,0.3300774246550312,0.2490073712506508,2.663439448190545,4.997132356378659,0.00120534911485,1.8509755359575897,251.8482816685745,87.7430704040091,0.7820126574758357
United States,West Virginia,2020-03-28,0.7651364055177199,4.24065255128146,14.806290659746972,0.5,0.1830594920000401,4.52294195351566,4.189516003380002,0.001,1.1059730769808078,106.72814722474372,50.39380788083917,0.508514585020893
United States,Utah,2020-03-20,0.1301645271425304,39.33059918328596,15.0,0.117023400581753,0.2354185840912026,-0.2,4.835166475738476,0.001,5.0,179.99365656320973,92.20440370894292,1.8515934575599184
United States,Minnesota,2020-03-20,0.2668334181503259,41.10768846336616,6.5417052319824895,0.0200956180032299,0.2482741116114301,1.7943532464037193,4.834646324396905,0.0043709062789527,2.530866666134772,36.59981236955266,3.5606587438789306,0.7765525860503737
United States,Montana,2020-03-27,0.1,9.940960112334798,8.50505469969864,0.1953819871122742,0.0944837050647337,3.0695149290844643,0.8148560561611481,0.2409094019347376,4.999978380447262,72.07269797352279,12.9841850699431,1.8790004226370116
Zambia,,2020-05-01,0.9206840874809192,7.725120286750977,15.0,0.1732086066110965,0.0164273510538479,4.999783454864813,4.282180612865305,0.0010225914906811,4.970455369677651,57.09648849046373,10.68931393425418,0.2882528151471032
United States,Ohio,2020-03-19,0.3304371050327238,28.831320254903005,15.0,0.1708068952395827,0.25,1.6926211989616835,2.201383118585654,3.803464117308886,5.0,115.01852730282612,32.13736122296116,1.2481792281675093
United States,Puerto Rico,2020-03-29,1.497871631798987,-132.06352793263702,1.003287802553286,0.0222756378701517,0.0439148401389834,3.723346217222749,4.809403468644511,0.0024687680391634,0.765697068070777,25.83790607442217,2.917963762574576,1.3047371567776465
United States,Iowa,2020-03-23,0.2281092551088325,33.27233683634236,12.153137089406998,0.1195619944245443,0.1189092674482187,1.6089396863966785,0.0101801850425166,1.3446560844476672,1.5461797814685023,72.40373264025882,80.716866794045,1.5027040185081817
Spain,,2020-03-01,0.5026022224901799,23.308092177139404,15.0,0.0201822726805595,0.0695800633447612,1.2045240843571083,4.714055657338259,4.024543540637279,0.2215684452303249,28.494258969362164,79.98896021512836,1.696380011742388
United States,Michigan,2020-03-19,0.5162557067090634,8.93952913243379,15.0,0.0712065582557606,0.0747674879046055,1.9914653272512903,4.969978451435602,1.3889172686493327,0.4728755436449884,42.61374893006586,63.737661893990726,1.5230055510137712
United States,Maine,2020-03-23,0.1450315648433179,68.60597017403825,9.829434736840575,0.4708110212264383,0.0766133166100039,0.0683869088159142,4.583171900372093,0.0020021546301654,4.044169100991637,41.30179728540898,3.9944517119898095,0.7517734218076744
Saudi Arabia,,2020-03-15,0.4082927445162943,36.94752667590221,15.0,0.178536471599601,0.25,3.5392996754521997,1.452381768612519,2.659121059381292,0.2690459303590611,50.85060233829596,53.24183459198988,0.3003273359689205
United States,South Dakota,2020-03-31,0.766567245340177,8.611445825037057,14.995067246751336,0.2869340535204478,0.1858033166898285,4.999654188566175,2.812951963726825,0.0931892941669531,4.998026634067128,89.65078271902982,27.945423663390805,0.829347434430104
United States Virgin Islands,,2020-07-05,0.1412009737545128,-48.589473843458514,4.125374052904259,0.0456088150934457,0.2436110013479731,1.3145649376544897,4.15673796094213,0.0010877015647506,4.933494530011274,35.617061016274896,15.160692216167105,0.4801019103347327
Kenya,,2020-04-03,0.2097713393662167,32.09198447997879,15.0,0.2019727458840999,0.01,3.761041162813533,0.001,0.6739025103648997,1.1275780171690672,54.13413973061355,66.3705937631934,0.3614098335219454
United States,Massachusetts,2020-03-12,0.7871897867302599,12.48071933299086,6.055322164100655,0.461313994639748,0.0147755948367512,0.7585243623596681,2.059401288821096,1.3781574558744558,0.4655948566175574,39.71241471522017,91.48841354347915,0.7100543050066787
Yemen,,2020-05-16,0.3297609325104847,27.040780120241543,15.0,0.02,0.25,4.998626925951385,0.7082476295891565,1.0193353215086187,5.0,39.52621949106688,0.5774893155354363,0.3203927508933391
Nigeria,,2020-03-30,0.3948204433413483,37.39985741515365,5.610870024516187,0.02,0.1166702769380175,4.999039371597966,0.0109222229246914,1.768001028719974,1.7516287064711356,15.729702829243172,1.7030715200795477,0.221703617579522
