country,domain,delphi_insample_mae,delphi_outsample_mae,delphi_insample_mape,delphi_outsample_mape,selftune_insample_mae,selftune_outsample_mae,selftune_insample_mape,selftune_outsample_mape,guided_insample_mae,guided_outsample_mae,guided_insample_mape,guided_outsample_mape
Dominica,,1.670619924267056,2364.291939974949,1.380188672847024,1536.6624605959114,455.18310546875,509.2485961914063,0.7704963088035583,0.7771393656730652,870.38623046875,960.5452880859376,0.8589068651199341,0.8680274486541748
Ecuador,,3016.6545402618563,1957.2013629039432,58.91359722852228,6.297609088514113,1231.4739990234375,8107.8984375,0.2264458686113357,0.1933610886335373,1514.8746337890625,16598.634765625,0.1957827508449554,0.3298887610435486
Cuba,,13.134960631202548,55.703721070567525,2.0483298518914697,2.6838811669254623,107.49114990234376,73.49567413330078,0.1481264531612396,0.0377036891877651,134.65625,79.51163482666016,0.1787705868482589,0.0414565280079841
Cambodia,,0.7839973416849616,1.4906261592734296,0.6607233749933435,1.198079994248502,427.4538269042969,501.8584899902344,0.7566899061203003,0.8022315502166748,827.0390625,937.2031860351562,0.8513676524162292,0.8833847641944885
China,,2097.5006360774582,5023.661512545393,29.72793619817356,6.177687891523144,4908.1494140625,13174.67578125,0.0949870720505714,0.1394512802362442,3455.045166015625,10112.68359375,0.1068103238940239,0.1106253415346145
Canada,Nunavut,10.662303079151126,10.966872460575765,4.957809712668765,3.985855611119028,357.6859436035156,398.0345764160156,0.597143292427063,0.5952634811401367,730.1646118164062,805.0188598632812,0.7463338971138,0.7483968138694763
Colombia,,105.43109585635894,15920.245049637271,7.86230616486774,79.57429668653234,253.58255004882807,6618.05224609375,0.1107860133051872,0.7981783747673035,289.7989501953125,5560.19384765625,0.1412087380886078,0.5813964605331421
Denmark,,452.9322696175562,1183.771990064581,21.29283712082053,11.75220662309129,424.0174255371094,505.5138549804688,0.1321560591459274,0.0515202991664409,375.6971130371094,950.6968383789062,0.1282746493816375,0.1043488085269928
Canada,,332.9288392175029,33238.362076948026,9.284851116271932,45.72881859655688,2499.783935546875,10151.4189453125,0.2000759392976761,0.1822248548269271,3033.65380859375,9295.458984375,0.2590802311897278,0.1629127115011215
Canada,Nova Scotia,17.622940594950187,10.52387180200496,4.1070649634572565,1.0079301922110997,91.18085479736328,9.139423370361328,0.1776877790689468,0.0086629055440425,129.82102966308594,68.8940200805664,0.2175231873989105,0.0616702549159526
Australia,Western Australia,9.452063237081536,11.20545490770186,2.382596593251749,1.9929799210407977,170.36032104492188,157.20860290527344,0.2792995274066925,0.218923807144165,543.9778442382812,566.4818725585938,0.540971577167511,0.5024681091308594
Australia,South Australia,17.760884201110397,26.04670412826347,4.661853343082028,5.929497651879105,325.3701171875,381.4298095703125,0.4433110356330871,0.4647559225559234,911.6570434570312,1018.086669921875,0.6856191754341125,0.6985796689987183
Chile,,565.5348448768066,12511.866113787284,31.17036524482421,26.783985468431894,1016.7763671875,20974.8203125,0.1456580460071563,1.1791599988937378,1172.8612060546875,19179.59765625,0.1766298711299896,0.9676420092582704
Australia,Tasmania,1.5268059226691826,0.7110387565887527,0.8556012477400248,0.3118591037669969,396.2752380371094,460.7480773925781,0.6397583484649658,0.6689645051956177,908.6698608398438,1013.0490112304688,0.7968741059303284,0.8162844181060791
Canada,Quebec,356.0821988745725,16798.13604374029,13.312283504220112,36.04010707847088,2840.667236328125,5827.4921875,0.1999723017215728,0.1611348837614059,2846.85009765625,5622.791015625,0.1608870327472686,0.1541314274072647
Costa Rica,,26.880841624687417,27.33913385448037,6.812459696455949,3.0234122649941217,98.88833618164062,130.42337036132812,0.1914121061563491,0.177016481757164,219.43101501464844,69.59420013427734,0.3197579979896545,0.0836730971932411
Belgium,,268.5034718340744,1123.5143444450844,2.886482282436165,2.1637149217118665,2845.06884765625,4729.873046875,0.1315521150827407,0.0871627032756805,2402.623046875,4265.669921875,0.1612589061260223,0.0793743506073951
Canada,Prince Edward Island,1.625520403799312,18.08856913560876,1.491347160397518,12.966691568619648,443.8570861816406,500.2262878417969,0.7759804129600525,0.7886245846748352,817.7163696289062,907.1153564453124,0.8585679531097412,0.871226966381073
Chad,,26.958545881550283,34.147826227336786,6.6206567578568425,3.9505621308562784,83.92244720458984,4.027587890625,0.1664689481258392,0.004651406314224,235.75933837890625,69.32433319091797,0.3110922276973724,0.0742243528366088
Australia,Australian Capital Territory,0.6379181585006717,0.4315042040788791,0.603693150881233,0.4032613941706666,453.7395629882813,533.0843505859375,0.7845832109451294,0.8321067094802856,773.8062133789062,883.4324951171875,0.8559036254882812,0.8914623856544495
Austria,,205.45047033536807,214.05908479275067,13.204072874626249,1.686974957367484,1216.1146240234375,2483.54248046875,0.1895545274019241,0.1661445796489715,746.8148193359375,1020.1060791015624,0.1784153431653976,0.0757031589746475
Cyprus,,6.431089750752566,28938.26586742829,1.486668565999307,3071.771230381957,79.85548400878906,42.432987213134766,0.1606066524982452,0.0482285916805267,162.22293090820312,41.76090621948242,0.2445793151855468,0.0474259778857231
Cameroon,,76.17216794273409,1366.2078044790192,9.649971399569692,21.8934237788593,80.69709014892578,2578.806396484375,0.0693174079060554,0.8915640115737915,87.2437744140625,2551.049072265625,0.0805654302239418,0.872732400894165
Bermuda,,2.1780500662740505,2.543715536114122,1.7230391086244226,1.7475425294972882,460.1506958007813,526.4725952148438,0.7601538896560669,0.7841041684150696,939.5745849609376,1045.8798828125,0.8593251705169678,0.8782709836959839
Congo,,10.6865822004729,67.2141941843384,4.014385853203096,8.463690270833684,324.3645324707031,115.1410903930664,0.5141522288322449,0.1540310829877853,652.708251953125,303.4875183105469,0.6721338033676147,0.278963565826416
Canada,Yukon,12.842523159633105,18.95966721524433,4.256114483021116,2.915462455101608,170.42047119140625,22.44210624694824,0.3285149037837982,0.0357213802635669,339.00994873046875,180.9056396484375,0.4809722304344177,0.2219493836164474
Bhutan,,5.748644933588951,16.180893061292835,3.6451221448597977,5.7014331320849925,380.7960205078125,350.7141418457031,0.6867467164993286,0.564733624458313,615.9879760742188,611.141845703125,0.7747492790222168,0.6933318972587585
Brazil,,458.2921499704902,91619.03742557098,10.43640135793006,34.46846190683045,1372.6202392578125,104498.875,0.1511979401111602,1.2341262102127075,1822.1221923828125,96290.75,0.1140589639544487,1.0263161659240725
Bahrain,,193.56640624940647,2143.907384868222,33.7385725361653,43.88086653995802,151.52613830566406,1204.1036376953125,0.2322820872068405,0.3553462624549866,171.8960418701172,1730.4031982421875,0.2596867084503174,0.6390103101730347
Canada,Alberta,291.3599088447149,196.84444421491423,22.709598520770538,2.976113389368114,187.82025146484372,1628.2652587890625,0.113146848976612,0.1989000588655471,171.1237335205078,1333.4296875,0.1209841594099998,0.1694991290569305
Australia,New South Wales,145.02861377837286,216.1579427074304,11.58963024951824,7.07335426866004,134.01495361328125,167.88023376464844,0.1089710816740989,0.0520609505474567,143.7047882080078,118.85589599609376,0.1270964592695236,0.0374289937317371
Canada,Ontario,86.62074585118422,4761.048625618962,6.1151729067604,21.83753418172594,830.5097045898438,2997.951171875,0.136686161160469,0.13173308968544,1089.64501953125,2072.79345703125,0.1889497190713882,0.0962544456124305
Canada,New Brunswick,3.7617731118396014,13.344953402717666,3.209378967491809,9.143318143242556,439.5302429199219,500.9367370605469,0.763482391834259,0.7857922911643982,828.4296875,924.233642578125,0.8529624938964844,0.8712681531906128
Cayman Islands,,5.482007060488352,3.6766711085090336,3.3215013734205843,1.819448379695528,429.9015502929688,484.2174072265625,0.6970784068107605,0.7053451538085938,790.6679077148438,880.3348999023438,0.8032714128494263,0.813156247138977
Australia,,267.2018547056087,351.69727547513367,13.288161033123693,5.12275001613742,717.630126953125,1251.1102294921875,0.1850922107696533,0.1535652428865432,814.1271362304688,1350.36962890625,0.2233097851276397,0.1637516766786575
Belize,,25.2706697096852,393.8135628395536,4.714219405892157,16.81476138089172,70.58749389648438,394.9353332519531,0.1160910427570343,0.2230398505926132,94.07723236083984,430.7550659179688,0.1469342559576034,0.2496409565210342
Canada,Manitoba,3.043249261966924,6.682522240813958,1.3641832494139172,2.267565157754793,300.4819030761719,335.2197265625,0.5279095768928528,0.5325868725776672,689.9068603515625,760.5504760742188,0.7159348726272583,0.7210720777511597
Dominican Republic,,151.85321868873842,2739.075826584891,9.15971680177342,18.414556893597865,245.47164916992188,3535.891845703125,0.1067410483956337,0.3505418300628662,281.3365783691406,3478.67919921875,0.1305364966392517,0.3424811959266662
Egypt,,43.48611579988948,1300.825534788325,6.793132298506337,11.229998126808846,209.88333129882807,2768.130615234375,0.1786786019802093,0.3528713881969452,254.4888153076172,3615.098388671875,0.2010345011949539,0.5444223284721375
Croatia,,17.081150056004454,88.66185233375597,1.947786315952228,3.991625835325305,125.9217300415039,124.2413330078125,0.0877536311745643,0.0533960126340389,124.10952758789062,82.93230438232422,0.0988801345229148,0.0363004766404628
British Virgin Islands,,2.741734278740687,88.88071790721068,2.070419493183528,57.75209714908869,449.6459045410156,513.7694091796875,0.7484300136566162,0.7699812054634094,962.0811157226562,1064.725341796875,0.8572253584861755,0.8740113377571106
American Samoa,,172.40654256864772,271.395367083802,14.112078170412138,4.629379203891717,341.2224426269531,486.1612243652344,0.2340115308761596,0.0774428471922874,275.46881103515625,213.27345275878903,0.2057961970567703,0.0355807580053806
Finland,,155.60550367419486,397.7617337264788,10.915822792158664,6.421714918127976,317.0555114746094,393.7374877929688,0.0809748694300651,0.0697844624519348,257.0876770019531,510.5634765625,0.0757525712251663,0.0929983630776405
Australia,Queensland,11.073992996661234,10.119984833011594,1.8795637998627508,0.9599665661352634,51.86222457885742,39.08027267456055,0.0779800936579704,0.0357890613377094,271.3569641113281,192.59616088867188,0.2631498575210571,0.1546227037906646
Canada,British Columbia,19.9674920514973,19.7635176695657,2.8323436797587704,0.8194767225799762,96.30862426757812,465.44476318359375,0.0949532464146614,0.2449134439229965,101.91544342041016,408.5487365722656,0.1057833433151245,0.208673745393753
Antigua and Barbuda,,1.2311085697889597,2.6548760836457475,1.068326580308708,1.8903815338004808,427.3389892578125,485.2114868164063,0.7600222826004028,0.7773705720901489,850.47802734375,943.4547729492188,0.8565394282341003,0.8716208934783936
Central African Republic,,38.656499173072646,618.7990384264804,5.516446502632105,13.753940964380323,150.86752319335938,671.5343017578125,0.2155486494302749,0.1800239831209182,153.5824432373047,1023.5377807617188,0.2255889475345611,0.3104087710380554
Burkina Faso,,17.819832409736126,2088.374650262393,4.659373174912088,243.36698110204352,136.01425170898438,102.1904754638672,0.2426653802394867,0.1440376192331314,274.2458190917969,48.51407241821289,0.3774687051773071,0.0567862316966056
Ethiopia,,17.719411106877548,5524.635304309181,5.86108374359314,120.54276361136654,290.3540344238281,920.9688720703124,0.50379878282547,0.3255882263183594,342.3748474121094,486.2415161132813,0.5318173766136169,0.1357911676168441
Afghanistan,,49.90912678431144,4416.39945710892,4.871290038516602,28.56354556754175,156.5855712890625,4890.38818359375,0.1432698965072631,0.6398912668228149,176.7239532470703,5102.45068359375,0.1635749340057373,0.694469153881073
Estonia,,1338.5674694343147,1869.3722222240456,127.6200224960506,26.795322789519982,776.5817260742188,428.64263916015625,0.281566172838211,0.0578848011791706,812.590087890625,373.93267822265625,0.2957254350185394,0.056619644165039
Djibouti,,149.89430882653943,12555.13961870304,22.798780707638365,306.186847295832,177.83038330078125,1715.515625,0.2318058609962463,0.8616279363632202,152.79310607910156,2262.63916015625,0.1881236881017685,1.5870062112808228
Cook Islands,,461.14516860880616,1627.500585365956,31.64912805811278,31.889565401290675,339.7089233398437,1811.7845458984373,0.2383768260478973,0.5544381737709045,314.5652160644531,1819.47021484375,0.2253631949424743,0.5582155585289001
Canada,Saskatchewan,4.450784072980955,40.33586806779856,1.5052327875095657,6.493479099862895,221.50491333007807,20.209136962890625,0.4001227617263794,0.0318361893296241,416.4303894042969,227.80799865722656,0.5507376790046692,0.2682162523269653
Faroe Islands,,11.415902322624111,13.333124107172926,6.509501950639897,7.130012891536325,444.8541564941406,523.5640869140625,0.6944615840911865,0.7368287444114685,902.1926879882812,1020.8434448242188,0.8161344528198242,0.8451786041259766
Argentina,,29.08190662080592,1345.4262942736843,3.1668588678014045,11.304727259624194,277.4229736328125,2686.060302734375,0.1385327875614166,0.3945086300373077,377.0776977539063,2301.4736328125,0.1703463494777679,0.3101819455623626
El Salvador,,13.77203813594184,344.710627109686,3.875216575256215,9.865946316447852,175.10845947265625,309.9176940917969,0.306361973285675,0.1027765795588493,212.51138305664065,401.8096923828125,0.3334291875362396,0.1428876519203186
Bangladesh,,381.1826136357553,81663.97228772954,20.646822785941144,105.86512328116764,1526.37939453125,23055.150390625,0.1390978842973709,0.6605660319328308,1983.1552734375,20137.486328125,0.1614725291728973,0.524381697177887
Gabon,,54.1746392138919,464.26927865405565,10.792148693992068,12.254317286825014,194.83175659179688,634.587646484375,0.2808650434017181,0.189298465847969,202.0296630859375,714.0958251953125,0.2944133579730987,0.2218165099620819
Guatemala,,36.62612315578814,7041.010931488976,5.250471961241956,77.25435050914496,175.82691955566406,2502.612060546875,0.2565281093120575,0.5045048594474792,230.7078399658203,1736.7279052734375,0.3001594245433807,0.2890745103359222
Germany,,4867.039566666797,107296.80016057169,52.64622124174947,67.53397007466192,6326.8994140625,6896.55615234375,0.2998398840427398,0.0447595380246639,5706.5,18516.248046875,0.3186095952987671,0.1090264618396759
Benin,,24.88289951560892,194.8172840069736,8.831874962951225,14.709439228698592,295.11248779296875,474.3186645507813,0.5058762431144714,0.5850582122802734,456.1739196777344,395.4848327636719,0.5913305878639221,0.4478893280029297
Guam,,1.7878112771355703,9.350364126390076,1.295160999487193,5.457327171172756,462.1997375488281,519.9811401367188,0.7439132332801819,0.7556776404380798,934.767333984375,1032.068359375,0.8483619093894958,0.8599227666854858
Grenada,,7.915483002822628,12.477113160678243,5.92047691077909,8.43048186532314,445.0207214355469,516.0921020507812,0.7438817620277405,0.7771393656730652,871.0037231445312,978.87841796875,0.844247579574585,0.8686636686325073
Guadeloupe,,1.060710794345772,9.226385397736625,0.742825226061179,5.681167731827427,430.7541809082031,499.27679443359375,0.7233947515487671,0.757955014705658,925.8786010742188,1032.2813720703125,0.8428999781608582,0.8662107586860657
France,,1806.0139901838893,1524.8473129595243,56.8196787987044,6.602383936167828,6261.6005859375,17045.900390625,1.3612732887268066,2.7500908374786377,1612.9874267578125,9409.8037109375,0.2341754734516143,0.6801046133041382
French Polynesia,,12.116283470144486,854.0060229878263,2.8947962115202683,25.644969877207885,113.54653930664062,1032.6246337890625,0.204901173710823,0.5960808992385864,152.3436737060547,977.2924194335938,0.2430562376976013,0.5412473678588867
Hungary,,38.24941136046589,41.61985319750861,5.179823361621108,1.1790215880286286,175.87318420410156,265.6679382324219,0.1417326778173446,0.0711127668619155,134.3208770751953,200.6783905029297,0.1428071558475494,0.0594118945300579
Bulgaria,,62.29932411863833,156.2294234193001,12.194975133881892,7.088664809325819,369.6567993164063,886.3973388671875,0.3939979970455169,0.701949417591095,548.4974365234375,715.4924926757812,0.4538650512695312,0.5009874105453491
Australia,Victoria,21.93610405699516,136.52245233388692,3.584783507413651,8.586963957783317,43.65670394897461,125.15374755859376,0.0690600872039794,0.0887164026498794,57.00201797485352,133.57984924316406,0.0910313948988914,0.0952629819512367
Guernsey,,8.732233542889396,10.849005698693611,3.923840007835216,4.305160991545084,314.9605407714844,367.8604736328125,0.5651932954788208,0.5934568047523499,749.0316162109375,839.100341796875,0.7503877878189087,0.7690405249595642
Indonesia,,51.4433208228163,2162.6106826533605,5.139371108139902,11.935666816928638,512.4574584960938,2133.653564453125,0.1294503062963485,0.1422733217477798,498.2541809082031,2422.080810546875,0.137714996933937,0.1690651625394821
Iraq,,24.46239295022886,688.3923941100293,3.331206370687127,21.60515156738044,124.67430114746094,955.308349609375,0.1875851452350616,0.4796558022499084,181.86578369140625,769.1159057617188,0.2292365431785583,0.3503395020961761
Guinea-Bissau,,72.99640447175499,36.00158921130655,10.02772870802344,2.2549718335508504,139.5531005859375,200.38023376464844,0.1575234085321426,0.1392695754766464,429.32568359375,94.89894104003906,0.3229350745677948,0.0588954016566276
Eritrea,,13.93171475583243,17.716968065481684,6.95670709443208,6.087137797261692,371.50048828125,375.8079223632813,0.6236041784286499,0.5648506283760071,849.0364379882812,894.3423461914062,0.7841997742652893,0.7554455995559692
Equatorial Guinea,,17.396062090347414,364.21185864178216,2.979831844982167,12.786969824203627,154.17166137695312,646.18701171875,0.2033199816942215,0.3044867813587188,201.613037109375,326.3705444335937,0.2404154390096664,0.130263090133667
Azerbaijan,,23.519023153202447,23022.61786349455,3.194467883469033,421.5297379522274,146.70843505859375,1801.16650390625,0.1383174806833267,0.7520321607589722,204.9542694091797,1356.6212158203125,0.168943166732788,0.4715369641780853
Angola,,13.192136946278014,200.17920158920583,4.665400839672302,11.464465084009912,249.87632751464844,741.6513061523438,0.4253899753093719,0.9760699272155762,316.4154968261719,388.7962951660156,0.4669741988182068,0.3323553502559662
Kuwait,,151.69732921641622,851.3853236572322,35.942229589233584,6.239478293276896,221.9616241455078,4112.54443359375,0.3181638121604919,0.5564618706703186,223.24636840820312,6173.69091796875,0.3168257474899292,1.377436637878418
Fiji,,23.05850633895529,302.48053701414096,10.684829758379207,7.119753715668409,298.42596435546875,2259.677734375,0.5375390648841858,3.065532684326172,384.30078125,2222.43408203125,0.5804708003997803,2.92523193359375
Jamaica,,20.72610238815731,68.9310798313524,5.941050122728403,11.061073249561757,139.75184631347656,34.61359405517578,0.2647895216941833,0.0538201406598091,421.2922973632813,333.92919921875,0.5038136839866638,0.3517581224441528
Gibraltar,,6.612683698043769,33.06033666190613,5.176786516270044,20.28069550006332,427.5302734375,477.7198181152344,0.7435835003852844,0.74892258644104,959.0126953125,1047.4202880859375,0.859637975692749,0.8673722743988037
Latvia,,68.93557616094233,117.37854750108214,18.01788819677366,11.75017032276135,160.9704132080078,167.54611206054688,0.2533283829689026,0.2044658958911895,535.6842041015625,257.8843688964844,0.4975167214870453,0.2071921825408935
Liechtenstein,,5.481323501080438,113.69194774993974,4.808022237845817,29.94332067176727,432.05419921875,313.2965087890625,0.7667034268379211,0.5017397403717041,761.455078125,673.7738647460938,0.8471983075141907,0.6840794086456299
Israel,,124.85681529667237,533.9718528564528,5.29341358461402,3.254541149418856,1567.997314453125,2342.400146484375,0.2099399119615554,0.1264272183179855,1426.211669921875,2299.839111328125,0.2292451113462448,0.1244166642427444
Isle of Man,,10.081732661120306,14.27664539047892,3.5655036057811604,4.2238595829819285,364.1432495117188,403.1137390136719,0.5531875491142273,0.5439294576644897,782.368896484375,859.57177734375,0.7206718921661377,0.7177622318267822
Iceland,,179.74941399346517,211.06454414230728,26.57039560339016,11.636845232942772,428.1669616699219,661.3192749023438,0.4237931370735168,0.5738421678543091,316.1255187988281,167.44374084472656,0.251042753458023,0.1017077714204788
Algeria,,37.75467947300404,6663.59861165886,4.385916669101748,79.29706558422254,205.6259765625,2222.30908203125,0.1243463009595871,0.443449318408966,258.1513366699219,1490.4498291015625,0.1475183367729187,0.2545999586582184
Greenland,,5.893666753716018,127.8338447562024,2.5987686863285875,23.623128023809443,328.5862731933594,156.91775512695312,0.5609245896339417,0.2349117994308471,501.8279113769531,348.4886169433594,0.656229555606842,0.4052361249923706
Andorra,,36.4001517459692,32.20619040769378,8.015718890098483,4.238603627452728,124.75711059570312,37.2400016784668,0.2013920396566391,0.0467083156108856,406.82269287109375,340.7567749023437,0.4269338846206665,0.3095329403877258
Georgia,,11.565887347998885,46.12374801484666,3.6727260000369606,5.990817594902082,149.5659637451172,98.0554656982422,0.2941808402538299,0.1506632268428802,307.872802734375,59.69411087036133,0.4453864097595215,0.0739419609308242
Haiti,,40.79880517346837,620.6576430583277,5.964582700877275,9.613495491314534,261.7782287597656,803.86669921875,0.2108695805072784,0.1186808720231056,295.8475036621094,357.71051025390625,0.231184110045433,0.0577220134437084
Lesotho,,22.58233350336035,56.16906149125943,4.762364297479552,4.987761560132607,164.6293487548828,151.56849670410156,0.2504713833332062,0.150507315993309,339.7559509277344,95.18171691894533,0.3813143670558929,0.0895550996065139
Japan,,43.67726726233473,65778.67743774956,6.13136353163414,487.3046741970896,127.58255004882812,4954.79052734375,0.19310262799263,0.8933553099632263,168.1483917236328,4650.67138671875,0.2295083701610565,0.7912691831588745
Comoros,,14.92590738171606,585.4656242401812,7.269878547354206,173.5792353924788,353.2021484375,329.02655029296875,0.6068155765533447,0.5020716786384583,670.8424682617188,677.650390625,0.7397832870483398,0.674972653388977
Italy,,1393.1177161801154,16341.526565582812,23.507951511432523,8.447374499669031,9445.740234375,12807.96484375,0.1355268210172653,0.0702391192317009,12628.921875,18311.4453125,0.1644219160079956,0.0940132439136505
Bosnia and Herzegovina,,42.439076516853525,879.0528105377565,6.764036404879259,36.9767688485496,110.11815643310548,228.85877990722656,0.1529873162508011,0.1109373047947883,119.27818298339844,296.6973876953125,0.1703866869211197,0.1489553451538086
Mauritius,,17.49526231000277,28.147519499199216,5.76004451226214,8.438831966793702,254.59307861328125,291.6468505859375,0.4620009064674377,0.4664224982261657,701.1400146484375,775.2406005859375,0.6954569220542908,0.6991202235221863
India,,457.98997744996575,24758.499341877327,27.73364359426799,26.84924877219107,1237.93896484375,19805.69921875,0.2363305389881134,0.3155336081981659,1818.82421875,19637.734375,0.2793176174163818,0.3108417391777038
Mali,,8.793867494302573,331.9190111875669,2.097420623015063,18.11203914746342,99.989013671875,532.9698486328125,0.2023786157369613,0.5099398493766785,146.76365661621094,475.3484191894531,0.2536776959896087,0.4286675155162811
Kazakhstan,,52.46033720738944,2007.599952430009,3.92326829334038,20.10763067037981,165.94357299804688,2322.11767578125,0.1356260478496551,0.3616456091403961,197.6215667724609,2362.73974609375,0.1552873402833938,0.371228814125061
Maldives,,89.40876917915405,447.9956851230195,13.275170070026544,20.10240794390097,89.6253433227539,119.26140594482422,0.1060645878314971,0.0562488436698913,77.99345397949219,125.4621353149414,0.1090183407068252,0.0596723891794681
Ghana,,64.78475023282253,223617.4223735391,5.983980847585619,2901.104539473253,230.5870819091797,934.5537109375,0.2741248905658722,0.1228082180023193,261.6449890136719,492.07427978515625,0.2938681840896606,0.0735812038183212
Australia,Northern Territory,0.5492944440536097,3.5185773685112944,0.5272446725493957,3.149782784567519,447.3146362304688,521.6571044921875,0.7842222452163696,0.8256469368934631,758.5866088867188,862.0266723632812,0.85511714220047,0.8866889476776123
Nauru,,581.8699160250804,315.2073585891972,27.025289485638424,6.933917496797008,1582.0645751953125,2064.583251953125,0.6922101974487305,0.8246954679489136,1194.3077392578125,1598.77587890625,0.4421039819717407,0.5384432673454285
Libya,,18.81071389852224,1922.2325552185043,3.721439155304088,55.51187080813471,105.11634826660156,1195.2308349609375,0.2039301544427871,0.7406559586524963,145.0675048828125,876.642822265625,0.2477937340736389,0.4321016073226928
Montserrat,,3.5635748371438987,4.756538200304102,2.3334778520373973,2.8800596188788363,443.0270690917969,515.2135620117188,0.7221742272377014,0.7564959526062012,937.4038696289062,1049.1697998046875,0.8395673036575317,0.8635075688362122
Liberia,,3.0075775782430427,151894.40998490687,1.430354361761715,21646.676552996712,349.1462097167969,141.6201934814453,0.6087350249290466,0.2195596098899841,595.75537109375,378.7413330078125,0.7210197448730469,0.4122360050678253
Martinique,,5.288094120016523,14.7626370585794,3.3065693909624763,7.455877850748113,403.23345947265625,450.92333984375,0.690770149230957,0.696598470211029,799.8864135742188,884.0709228515625,0.8102695941925049,0.8182281255722046
Mozambique,,13.307914182144897,258.6933521901086,4.643075908609908,21.110006528246167,201.0946502685547,339.40557861328125,0.384740263223648,0.4377686977386474,362.8860168457031,270.57427978515625,0.5049934387207031,0.3231023848056793
Guinea,,20.213165969905983,375.4610783509728,3.20260742066441,9.294968391201614,146.2967071533203,657.1466064453125,0.2094387412071228,0.2168167829513549,168.92030334472656,768.2501220703125,0.2269406169652938,0.2645009756088257
Mongolia,,7.422714210354634,935.8106548472456,4.267961636510992,329.4687923563968,555.4954223632812,597.2252197265625,0.7311989665031433,0.7059605121612549,979.1773071289062,1060.2437744140625,0.8219063878059387,0.8099660277366638
Belarus,,416.7217248310022,18619.551817014537,21.268660754182093,41.540746912211375,392.51861572265625,10389.904296875,0.1114765927195549,0.3580962419509887,429.5476989746094,8509.8818359375,0.1243707835674285,0.2739571034908294
New Zealand,,16.75736376988428,10.281609358068954,2.613607883469008,0.8930149200187664,60.50223159790039,89.84474182128906,0.0671694278717041,0.0724386721849441,213.59332275390625,316.3636779785156,0.2839416861534118,0.3792788684368133
Kyrgyzstan,,4878.096997453739,61750.51053696748,25.79763453187704,104.34783311750606,6504.697265625,1001.145263671875,0.2234121263027191,0.0173305999487638,9043.3369140625,2317.5546875,0.2686825692653656,0.0413729473948478
Nicaragua,,226.5868724448876,328.80489329980367,25.643657380574947,11.535448134984987,221.63626098632807,568.7398071289062,0.1809207051992416,0.2681072056293487,598.735595703125,414.623779296875,0.3222839832305908,0.1801659762859344
Myanmar,,4.707489754307034,364.4098284582775,2.867348423211318,126.07059093816338,406.6481628417969,398.7796325683594,0.6798223257064819,0.5982205867767334,879.9520263671875,909.0667114257812,0.8148762583732605,0.7724231481552124
Burundi,,19.37780937401998,22.204910044343496,9.238982294695807,5.408307090308617,329.548095703125,236.84410095214844,0.5791501998901367,0.3659847974777221,546.6364135742188,477.1960754394531,0.6897921562194824,0.5376310348510742
Malaysia,,141.99558560471465,377.2130676915146,13.979577436110985,5.683853438641478,383.8141479492188,307.5126037597656,0.1482037007808685,0.0475789457559585,346.6750793457031,300.7703552246094,0.152788370847702,0.0469546876847744
Jordan,,12.279747792191746,121.16617765530924,3.956992056373138,19.85301107937492,239.95452880859372,103.84087371826172,0.3999923169612884,0.1517960727214813,622.452880859375,520.1012573242188,0.6266648173332214,0.4724438786506653
Mayotte,,32.266721937288686,209.54977298417688,10.176512025383628,10.86177529614591,187.7597503662109,138.9905242919922,0.3516496121883392,0.0800806134939193,240.13584899902344,351.9825744628906,0.3963118195533752,0.2479613572359085
Monaco,,2.6352939710996663,16.74358116530224,1.7147604321029304,6.5601081984937775,390.2509460449219,386.1300659179688,0.6936936378479004,0.6156448721885681,842.94921875,874.0371704101562,0.8235070705413818,0.783811628818512
Lebanon,,11.145674115545551,149.1724021540721,2.746597898796882,15.32638319567165,81.98780822753906,195.4664001464844,0.167133942246437,0.2827706933021545,277.71942138671875,100.90352630615234,0.3667163848876953,0.1127388104796409
Netherlands,,1326.0704609239187,2217.7800645622365,30.740957531853464,5.482190640464867,2433.952880859375,3006.54248046875,0.258939653635025,0.0709618106484413,1562.0010986328125,1256.306884765625,0.2439114600419998,0.0318710580468177
Barbados,,1.734849479213774,2927.947036503472,1.4072977203861003,1587.7154451613185,432.4471130371094,463.64752197265625,0.749527633190155,0.7224568128585815,854.7357788085938,922.5332641601562,0.8485699892044067,0.8381698131561279
Palau,,135.43767476680517,310.1194262566636,6.85697255131209,7.909864829509501,244.34585571289065,482.4969482421875,0.1613380461931228,0.1405068784952163,298.8705139160156,594.496337890625,0.1895044445991516,0.1789626330137252
Albania,,11.859382293026227,125.28125330356345,3.3298875237482752,12.23272473989742,109.28631591796876,133.8139190673828,0.2154781520366668,0.1586872339248657,156.87338256835938,49.83541870117188,0.267382949590683,0.0520489588379859
Kiribati,,160.58295300113355,475.3835313897964,12.079245161560952,15.528865307367026,108.23639678955078,123.66873931884766,0.0719823613762855,0.0389003381133079,70.37495422363281,41.572715759277344,0.0747159421443939,0.0137892719358205
Jersey,,4.3145680310346295,5.753187779524385,1.980996281905524,1.9606070850890989,345.4324035644531,378.81585693359375,0.5750333666801453,0.5644767880439758,714.013671875,780.98388671875,0.7316141128540039,0.727672278881073
Portugal,,876.720804829847,843.0182545714889,29.1561703972331,3.238972612426396,1880.953857421875,1995.7496337890625,0.2398953735828399,0.0715925395488739,1051.811767578125,2696.186767578125,0.2176562845706939,0.1114215925335884
Philippines,,87.47801986975955,1865.3677727008348,6.483041181176631,15.730712903775734,384.8294982910156,2427.90234375,0.1899152100086212,0.2768554985523224,594.357177734375,1904.0245361328125,0.2350593209266662,0.2020334750413894
Saint Pierre and Miquelon,,43.17232917357294,49.27962815085384,13.434309062314806,4.341915039641664,155.2243194580078,63.4061393737793,0.2799540758132934,0.0648001879453659,197.3671722412109,90.19509887695312,0.3126005530357361,0.0949144139885902
Guyana,,4.239368446414559,6213.077803568712,2.8188653888863366,1949.890627245576,414.4317321777344,368.7744445800781,0.7145223617553711,0.5714622139930725,832.9801635742188,823.2614135742188,0.8278132677078247,0.7485464215278625
Norway,,369.2266517048506,130.00497930277095,32.354162457786195,1.706468774536845,604.1923217773438,457.8853759765625,0.1478049010038375,0.05575443059206,482.7884216308594,251.0998992919922,0.130355566740036,0.031628131866455
Mauritania,,30.568440023373363,457.5998062412921,4.478743543617088,7.759603847063476,178.7091827392578,352.2283630371094,0.1788045018911361,0.0605512596666812,204.44314575195312,467.8896484375,0.2020451724529266,0.0783709287643432
Czechia,,81.44021629250174,146.31049882419592,5.990763007472319,1.726989862059246,550.1141967773438,331.1177978515625,0.12178485840559,0.0397931896150112,649.524658203125,591.5711059570312,0.1598438471555709,0.0678322836756706
Pakistan,,219.1907878838308,743.8909795511622,10.18563352495027,1.8815929026239424,723.9005126953125,9997.857421875,0.1175999045372009,0.3326404094696045,468.342529296875,11315.283203125,0.1162289157509803,0.4029043912887573
Niger,,60.03881934975775,61.33451836130101,11.882699745395096,6.465925130461249,44.1025276184082,97.76427459716795,0.0907393023371696,0.1146542206406593,40.69915771484375,10.238234519958496,0.0890458077192306,0.0108135491609573
Armenia,,32.7904286502705,4359.350639012491,5.605492921991119,68.2432703514984,112.03965759277344,2340.0947265625,0.1426564753055572,0.975701093673706,121.58167266845705,1962.8359375,0.1566627621650695,0.695023238658905
Montenegro,,233.64716847964976,21005.96843368454,18.613351264900626,237.40232829701168,974.6647338867188,4039.45361328125,0.4075003266334533,1.1674091815948486,1494.4595947265625,3953.302734375,0.495486855506897,1.121914029121399
Solomon Islands,,164.63132739021697,1383.8130944712566,7.75606236764506,13.558005273031368,250.6272735595703,2172.2412109375,0.0706738382577896,0.2819984257221222,321.0196533203125,1793.739013671875,0.0975394695997238,0.2217229008674621
Botswana,,28.866418036244188,244.4926436076026,7.300575574351914,15.880148311738552,195.09066772460935,481.02923583984375,0.3138940632343292,0.5243103504180908,409.4943542480469,337.3021545410156,0.4561929404735565,0.3188033103942871
Niue,,102.08429576614164,258.28494462143,34.390411845672844,36.3568177838136,157.3386993408203,313.7455444335937,0.4166514575481415,0.7941058874130249,156.41404724121094,342.3402709960937,0.4241479933261871,0.9341025948524476
Papua New Guinea,,10.425316709389165,5.654995667782528,3.642439045920285,1.0653470438780237,211.8735198974609,147.57745361328125,0.3739109635353088,0.216413527727127,423.4336853027344,366.6798400878906,0.5347379446029663,0.4068824052810669
Marshall Islands,,5840.083640440716,6819.781740121119,47.99126131296852,44.51018359138125,5745.40380859375,6913.2890625,0.8709886074066162,0.8221765160560608,5673.55224609375,6985.6572265625,0.8228988647460938,0.8379951119422913
Malawi,,102.89140924610696,548.1998935513878,19.360349991420662,14.653317763402251,82.67115020751953,780.513916015625,0.1466738134622573,0.305641770362854,111.33425903320312,772.3926391601562,0.1826630532741546,0.3017379939556122
Luxembourg,,369.7859987519046,447.4521714978496,19.780787523738223,14.699069690323356,1643.2564697265625,1511.382568359375,0.4206727147102356,0.3320913314819336,4125.81884765625,4250.11328125,0.63481205701828,0.5830168724060059
Qatar,,122.04293328442768,20896.94048120317,12.644101492279551,80.50793384924249,470.9649353027344,8129.21484375,0.314516931772232,0.5600156188011169,539.593994140625,8933.001953125,0.3390384912490845,0.6623793840408325
Ireland,,128.84760350604995,3504.249807655925,8.46484994615114,14.678027040514555,1402.83642578125,5743.71484375,0.1281835734844207,0.2006390690803527,1428.8822021484375,5911.0625,0.1494901180267334,0.2053769081830978
Namibia,,20.95143827073557,803.8073532485766,2.89361216936227,13.029487785483568,111.60627746582033,2292.037353515625,0.1180791705846786,0.656245768070221,133.69833374023438,2506.3662109375,0.1418926566839218,0.7702702283859253
Seychelles,,1.6416782345884944,4.564335815754443,1.361572594522925,3.3399373113455653,429.27587890625,495.2237854003906,0.7540596723556519,0.7839003801345825,872.1746215820312,973.8798217773438,0.8551260828971863,0.8770534992218018
Panama,,41.1870431287601,589.0859134035647,3.602866619871252,5.628262829193986,199.3817596435547,2100.703369140625,0.0828895196318626,0.2900941967964172,362.7862243652344,1452.360595703125,0.1325602978467941,0.1823688298463821
Paraguay,,58.5854847986039,161.52670768233776,20.819645017467064,14.253822548168058,220.5856170654297,109.1169891357422,0.4140323102474212,0.1120707020163536,337.9974670410156,225.39651489257807,0.490540474653244,0.2790702581405639
Nepal,,81.7491132543138,5651.67663032609,10.632020571407772,34.25881738031961,298.7725830078125,870.2418823242188,0.2420539855957031,0.0606598444283008,504.9112548828125,839.0947265625,0.2825520932674408,0.0604830868542194
Samoa,,272.0251236939221,2768.403411616266,10.462187118456432,22.41722255193896,287.14801025390625,430.5093994140625,0.0759910643100738,0.0357898212969303,354.72808837890625,785.3245239257812,0.0934270769357681,0.0624592117965221
Saint Lucia,,3.8324166079915,72.27007530366646,2.0463838055840617,18.51841429236717,343.8037109375,286.30718994140625,0.6023575663566589,0.4455717504024505,780.5411987304688,761.8327026367188,0.7670689821243286,0.6813389658927917
Ukraine,,432.4948867361262,762.3984936629234,25.830522940722712,4.721152546767619,950.001708984375,1730.6961669921875,0.2779616117477417,0.1033371686935424,526.0592651367188,2354.218505859375,0.2507245540618896,0.1594359278678894
Sierra Leone,,13.189835906529066,147.04720922799385,2.421107721039262,10.400969761612384,104.93085479736328,260.86578369140625,0.2089142352342605,0.2324033230543136,140.59426879882812,269.3471069335937,0.2470673322677612,0.2417127341032028
Tunisia,,12.021364592040763,17.656947780208995,2.104653258445876,1.6932938173390022,31.0908317565918,11.874873161315918,0.061155691742897,0.011330060660839,69.14260864257812,24.9569091796875,0.1157955229282379,0.0232963599264621
Slovakia,,21.1402203890356,21.761528744817124,3.330358861109789,1.4913638795740682,94.91533660888672,162.7848663330078,0.1684836149215698,0.0992240235209465,113.62396240234376,13.81541919708252,0.1957599818706512,0.0093636587262153
Trinidad and Tobago,,1.6080543857369145,1.2648924622249524,1.4074572181708371,1.0768675011317876,455.5147705078125,535.8009033203125,0.7730190753936768,0.8209234476089478,820.6217651367188,934.5010986328124,0.854167640209198,0.8888320922851562
Senegal,,16.26330306946363,657.5644010088962,3.600531454523664,21.151833384811805,206.2436981201172,238.90570068359372,0.3678695559501648,0.0860767140984535,258.6101379394531,359.3068542480469,0.4112954437732696,0.1361840069293975
Singapore,,46.27219602658134,134857.47785191349,12.712852567076553,689.1126206090861,176.64955139160156,7444.99169921875,0.3130167424678802,1.0970253944396973,219.92469787597656,8602.310546875,0.3425105214118957,1.607873797416687
Saint Vincent and the Grenadines,,12.017059731202202,168.51311831211854,3.1429212061711778,11.57711145803277,224.2362060546875,202.14683532714844,0.4177587926387787,0.1649508029222488,285.27996826171875,50.46192932128906,0.4585299789905548,0.0375885292887687
Togo,,22.76849310372656,46.1215344073066,9.30330305639322,7.105481316070483,253.39627075195312,72.55337524414062,0.4467198848724365,0.1069409325718879,449.1011352539063,271.7361755371094,0.5799590349197388,0.3082956373691559
United Kingdom,,460.5773756635237,22733.35613066857,12.392941681290266,12.424880368051008,4495.35009765625,17342.974609375,0.1457855552434921,0.1065515279769897,7180.3779296875,16513.576171875,0.2247666865587234,0.0966614782810211
Eswatini,,17.296105738931075,16085.61401079224,7.6486570854785985,1512.6253515464246,323.861328125,185.490234375,0.5545251965522766,0.2783024907112121,434.4970397949219,164.4032440185547,0.622096061706543,0.2082998603582382
United States,Texas,241.74624240374223,4635.591616266948,7.553423308636288,9.568628740023543,2347.19970703125,10518.4794921875,0.1361554563045501,0.3002854585647583,2408.4677734375,10413.9169921875,0.1428392082452774,0.2961520850658417
Gambia,,47.47687610201418,136.62332633051906,5.358750778444191,3.934515521879208,116.6312255859375,206.2763214111328,0.1567120850086212,0.0639496445655822,153.18109130859375,158.711181640625,0.1835110783576965,0.0483078509569168
Somalia,,23.35921142130221,1487.5818297486758,3.1318555224006923,53.26897256804127,75.1351089477539,559.6942749023438,0.1045205816626548,0.2791438698768616,98.83721160888672,535.6903076171875,0.134337306022644,0.2639153301715851
Slovenia,,80.51248950960385,61.21253200843417,13.228227814234836,4.233663900444578,433.6999206542969,135.6829833984375,0.3516522049903869,0.0856455564498901,792.396484375,459.6619567871094,0.4841807186603546,0.240792840719223
New Caledonia,,1.0430018830946783,0.5868175603982513,0.8662581547367295,0.4673836162172606,450.5495300292969,529.9429931640625,0.7609142661094666,0.8096383213996887,850.9920043945312,966.4380493164062,0.8515489101409912,0.8857969641685486
Morocco,,52.63934391613594,410.9078049220221,6.378914357399995,5.96685711449346,250.54000854492188,325.4198608398437,0.1217997595667839,0.047404583543539,292.6708984375,492.10546875,0.151379108428955,0.0739732310175895
Turks and Caicos Islands,,22.61399997113737,15.119482141451105,8.735736512534125,2.2577509082311944,187.67593383789065,31.536062240600582,0.3606591522693634,0.0487685054540634,347.42364501953125,135.33729553222656,0.4978778064250946,0.1666154414415359
Sudan,,47.07468884793082,755.834394185502,3.652979173136444,8.866967934927196,226.69444274902344,1425.1630859375,0.1763838082551956,0.2198490649461746,204.29437255859372,1239.8031005859375,0.1876991093158722,0.1842519491910934
South Sudan,,20.86795242169833,29.33588280648749,3.454890692601699,1.3786640928578426,87.96253967285156,164.82223510742188,0.1494605839252472,0.0862780436873436,116.61089324951172,162.39920043945312,0.1756515502929687,0.0849135369062423
Suriname,,15.902273968778134,2600.247415249497,4.349829081879568,112.11605978038124,131.0520782470703,970.7349243164062,0.2545201182365417,0.9624553322792052,165.55885314941406,557.2825927734375,0.2908308506011963,0.3755631148815155
South Africa,,235.8551572557165,5996.970304261888,22.945204530276463,33.19480138059939,264.5662841796875,6560.2744140625,0.1739916652441024,0.7759854793548584,259.3049621582031,6097.3837890625,0.1503046751022339,0.6735230684280396
United States,,3606.10730310007,134818.11392169667,39.57932424807076,11.332795903404753,6899.07373046875,257337.4375,0.0910654067993164,0.3134281039237976,23074.234375,159325.171875,0.1969088762998581,0.1677841693162918
United States,North Carolina,59.52771126347592,6472.654980788432,3.067328614983467,30.226702049182546,752.5435180664062,4068.75,0.1337311863899231,0.2745632827281952,727.0151977539062,4333.908203125,0.1306867003440857,0.3001907169818878
Tonga,,115.64094517272191,876.00552891022,9.765246712531708,9.95847036545405,276.5092468261719,443.7602233886719,0.2795662879943847,0.0543958470225334,266.2608642578125,961.965576171875,0.2868379056453705,0.1280961334705352
Peru,,370.458825822117,61425.26525784606,17.016314683786387,59.63940137995164,653.8073120117188,23348.955078125,0.204725295305252,0.3831468820571899,1201.9693603515625,21670.31640625,0.2263019382953643,0.3449524343013763
Tajikistan,,69.31925459034917,523.3162924315417,5.384099416838606,8.577610833445659,225.84307861328125,400.1547546386719,0.0793949142098426,0.0713716819882392,372.1909484863281,344.7500305175781,0.1367936432361602,0.0602475740015506
United States,New York,2455.632092720519,7574.773577734728,53.06021400344867,2.291555348492867,5058.22607421875,53512.41796875,0.1614276319742202,0.1978458315134048,4697.49951171875,64117.5078125,0.1793826222419738,0.2471093386411667
United States,Georgia,240.03229059069503,4228.9666146280215,6.839061835340122,11.76886255153448,938.067626953125,7117.45361328125,0.090323120355606,0.2633299231529236,711.0512084960938,7645.52880859375,0.106074757874012,0.2885936200618744
United States,Illinois,359.7859680118753,105368.74167116634,12.079325178602865,104.80779334536842,4220.8916015625,23621.125,0.2263052016496658,0.3798131048679352,4141.10986328125,24321.5625,0.1441379934549331,0.3961883783340454
Tuvalu,,394.482507221461,406.8087358305254,20.93512338333749,14.638673473570543,472.3955993652344,543.5771484375,0.2835807800292969,0.2431657016277313,510.7132873535156,593.67822265625,0.3045721650123596,0.2716665863990783
Sweden,,89.27061277056106,12176.947245604151,6.3164079138859,44.79608287398184,651.6012573242188,2077.32861328125,0.105988048017025,0.0925033763051033,518.0054321289062,3508.234619140625,0.092016614973545,0.1716798990964889
Serbia,,185.6597376084824,5662.512481169939,16.900351856063157,51.54832053441552,514.4973754882812,1477.17041015625,0.1496138572692871,0.1235665902495384,588.94384765625,1488.7802734375,0.173818439245224,0.1244506686925888
Switzerland,,135.64495414166242,740.3417066568201,2.6056311716290104,2.4764529158489323,2444.74365234375,4283.2138671875,0.1420548260211944,0.1267818510532379,1634.6319580078125,1880.9202880859373,0.1631000190973281,0.0600063316524028
Thailand,,71.46829738469505,48.56842104437637,7.214547703744804,1.616018606127939,172.65261840820312,156.50135803222656,0.1067655831575393,0.0494604483246803,238.0471343994141,295.3376159667969,0.1425049901008606,0.0894044935703277
United States,Nevada,115.79660840460387,7780.751396065168,8.964454184163872,99.22685552978017,252.9635772705078,1274.5108642578125,0.1270076036453247,0.2224233746528625,302.532470703125,872.2106323242188,0.150214284658432,0.1403112262487411
Sri Lanka,,60.64810715858295,353.113221341516,21.64707118518533,25.702948007161,233.26914978027344,320.01055908203125,0.4386382102966308,0.3513347506523132,326.99755859375,440.3036193847656,0.5005019903182983,0.5764244198799133
Malta,,18.408471839102248,37.09067229747436,7.181004052147803,6.5119537596853005,271.86383056640625,117.20427703857422,0.475150316953659,0.1752229332923889,564.3832397460938,437.9074096679688,0.6421419382095337,0.4424538016319275
United States,California,257.3749731096935,3946.2491461968975,6.252826994400797,6.403185598229415,1991.4246826171875,9857.501953125,0.1895364075899124,0.1867503672838211,2641.718505859375,9964.0185546875,0.256603866815567,0.1888196170330047
United States,New Hampshire,39.604190545181815,1257.777865386775,5.52698369864378,30.420927971633944,123.86615753173828,549.604736328125,0.1329755336046219,0.1637155562639236,137.50885009765625,321.331787109375,0.1460582762956619,0.0861973240971565
Sao Tome and Principe,,27.45058193710553,1999.057405108868,7.81382579346411,276.0327056150053,473.7878723144531,276.80908203125,0.5493747591972351,0.2795116305351257,751.0704956054688,585.8126831054688,0.6531909704208374,0.4508309960365295
United States,Arizona,46.30084858730363,7015.122674638074,2.292049076842384,42.394852913030064,579.6934814453125,4293.0322265625,0.1427367776632309,0.43091881275177,642.1624755859375,3523.515625,0.1399652808904647,0.3252403438091278
United States,Indiana,763.1834365455538,4487.107622114585,37.79734133096904,14.673969096723088,2375.36572265625,3450.57177734375,0.2093536108732223,0.1306444555521011,1758.5086669921875,4736.138671875,0.1581453680992126,0.1937958896160125
United States,Maryland,263.77741966448053,3577.615870087453,10.809812045111132,8.526487588072628,1775.636962890625,7137.58837890625,0.1443827152252197,0.219586506485939,2116.85986328125,6451.59130859375,0.2122502624988556,0.1922460943460464
United States,Kentucky,50.82965644117018,938.4432259769912,3.7089283246260623,10.350774391770292,245.85598754882807,1345.698974609375,0.1145840883255004,0.1949899196624755,276.9774780273437,1160.643310546875,0.1407005935907364,0.1621612459421157
Poland,,43.37947169647487,712.5471830741521,1.5405905560286952,4.07194261232615,884.1254272460938,1853.9149169921875,0.1473921239376068,0.1170767024159431,1027.9696044921875,1869.3446044921875,0.1893104463815689,0.1169677451252937
United States,Hawaii,3.870366549179558,3.122420492932224,0.9284360739883544,0.4898702865272841,78.3906021118164,17.452035903930664,0.1604975908994674,0.0268026199191808,339.35272216796875,293.6484069824219,0.4206747412681579,0.3165800273418426
United States,Washington,93.3189020394085,2825.296994836797,3.0675722014599325,16.502812544112494,989.628173828125,1569.0653076171875,0.1570665538311004,0.0958190709352493,521.8778076171875,2084.530517578125,0.1371043175458908,0.1451873034238815
Oman,,54.71816110130892,2208.913491384808,8.966633110655112,25.34908429557633,160.58177185058594,3923.60888671875,0.2025936841964721,1.005604267120361,254.3025665283203,3939.735595703125,0.2464141100645065,1.0210342407226562
United States,District of Columbia,54.02462914723029,6229.552499964624,4.920453042746232,75.02516717882479,296.4237670898437,1138.4151611328125,0.1427604258060455,0.1756706833839416,341.2498474121094,817.671142578125,0.1684321612119674,0.1185519024729728
United States,Florida,165.726887237924,3034.7521257308767,8.960717973119193,6.610255680706811,3958.82958984375,4029.71484375,0.1452135294675827,0.0943526029586792,2854.796875,4337.6123046875,0.173739343881607,0.1098389774560928
United Arab Emirates,,77.43724692300049,11394.790160169408,6.534254677798117,43.35630359064936,280.8072204589844,6320.42236328125,0.2119054794311523,0.4000331163406372,596.9801635742188,5052.7236328125,0.260399729013443,0.291212648153305
Honduras,,124.39284823506836,5695.432343998566,26.077013349207512,112.93531642823756,149.36004638671875,910.1612548828124,0.240880936384201,0.254290908575058,188.6668243408203,1095.2120361328125,0.2828640639781952,0.3327543437480926
United States,Mississippi,55.96187584365235,347.32137160223857,4.089016309964275,2.769004154220804,358.70465087890625,1723.8359375,0.0982397124171257,0.1677700728178024,367.5080261230469,1908.239501953125,0.1117451936006546,0.1906884759664535
Puerto Rico,,18.872051847535392,17.93692722963642,2.852780838747324,1.277210205360618,61.625919342041016,64.90289306640625,0.0855434387922287,0.0497730448842048,76.83422088623047,67.49633026123047,0.1117763817310333,0.0481692440807819
Uruguay,,20.96370482913596,225.0380852178612,5.1470868216306735,29.06020059225551,260.5154113769531,100.4159927368164,0.3682478368282318,0.1189756542444229,576.189697265625,428.8773193359375,0.554053544998169,0.3655080199241638
United States,Delaware,65.40512592692176,755.9123958646383,3.600772155898891,8.73339326582273,286.53521728515625,1083.1312255859375,0.1610015630722046,0.1476372480392456,234.0033416748047,1122.8843994140625,0.1681353002786636,0.1543534398078918
United States,New Jersey,816.5145053040425,4890.50068921757,20.097554911881627,3.3757575184031463,10603.4345703125,7730.73291015625,0.2115350812673568,0.0563488565385341,4741.51953125,23427.2578125,0.1051928699016571,0.1988322734832763
Rwanda,,7.908813389677161,222.8226369755633,4.371813650758295,49.72153971915342,347.0034484863281,233.77410888671875,0.6232861280441284,0.3723168075084686,558.3148193359375,468.7889404296875,0.7216632962226868,0.5432560443878174
Lithuania,,27.478192308052552,171.283739442198,4.464242766438951,11.073418283341647,73.33541107177734,69.23140716552734,0.0903473123908042,0.0469024553894996,87.9833755493164,76.50851440429688,0.1154659539461135,0.0523353181779384
San Marino,,11.472229708860004,34.7206267957816,4.84130527338272,5.253960056285213,219.99685668945312,22.44327735900879,0.4089464247226715,0.0346983857452869,428.0880737304688,220.25152587890625,0.5647037625312805,0.2556844353675842
United States,Kansas,91.6881073674293,843.9706040228723,7.785708460003056,9.088507390275751,195.931884765625,1394.4774169921875,0.0981393605470657,0.1377183645963668,224.55523681640625,1595.127197265625,0.1161765679717063,0.1550887525081634
United States,Wisconsin,54.80219640899837,15124.56834088333,3.3210946509998465,102.78414139985416,456.7229309082031,3317.271484375,0.1280197352170944,0.3688801229000091,439.7311706542969,3237.6171875,0.120352879166603,0.3562310039997101
Romania,,49.89019227941751,360.5486051537706,2.9772061943510946,2.2797242420693307,751.2451171875,1404.5032958984375,0.2138067632913589,0.0979143679141998,880.1305541992188,1281.0648193359375,0.2429585456848144,0.0872346684336662
United States,Connecticut,515.6730394972427,3354.050528480353,21.29412098347131,8.627726382805694,2065.10888671875,2762.703125,0.1353633105754852,0.0775632858276367,1873.1009521484373,2616.37548828125,0.1613653153181076,0.0728301256895065
United States,South Carolina,43.24620200339641,1236.6696781464914,3.289385159447032,12.776393476077295,352.1019287109375,1552.2562255859375,0.1155115514993667,0.2107976526021957,471.4928283691406,1328.253662109375,0.1574417203664779,0.1733259111642837
Saint Kitts and Nevis,,14.26647513597254,35.52727838833949,3.9745078704484382,5.549115000800413,215.5846710205078,114.33702850341795,0.3524344563484192,0.1571834683418274,366.8888854980469,280.1586303710937,0.4731072783470154,0.3135832548141479
United States,Oklahoma,37.48674708887539,1654.7248634540492,4.074436362032861,26.72509444090807,337.53338623046875,691.1570434570312,0.1236848533153534,0.1351722329854965,260.44598388671875,787.07958984375,0.1126159578561782,0.1589656621217727
United States,Colorado,95.73215085592828,15401.81027625258,3.428466590566701,70.33242170677687,1061.973876953125,2752.93310546875,0.169236347079277,0.1585343778133392,1092.0501708984375,3107.12841796875,0.2028183341026306,0.1842759102582931
Mexico,,134.91905753828533,1103.786674542966,9.87563799882986,2.228446198118231,871.1724243164062,12288.0869140625,0.1222147643566131,0.2801803946495056,885.109375,9684.361328125,0.1313611418008804,0.2027189135551452
Vanuatu,,138.82046974436295,846.0141249249444,7.530361206507988,10.634591134042898,203.9617462158203,1539.4249267578125,0.1261639893054962,0.2476202100515365,350.3245544433594,573.86279296875,0.1591834276914596,0.0790347829461097
United States,Oregon,56.78241605481808,87.39362057979866,7.068231048455402,2.471890650206378,154.6290740966797,671.0556030273438,0.1261890232563018,0.2299443930387497,177.11044311523438,506.6925964355469,0.1488544195890426,0.1627628654241562
United States,Pennsylvania,629.3522432362028,4771.05422749928,10.143342138630826,7.299311514213191,5174.34228515625,4892.27978515625,0.1532290577888488,0.0775269865989685,5193.4853515625,4930.10986328125,0.2038952261209488,0.0794162303209304
Uganda,,13.483315342033457,18735.40230254299,2.7838669469717816,1694.3959105410877,112.67129516601562,185.25634765625,0.207082912325859,0.2190434634685516,227.43145751953125,130.55740356445312,0.3133650422096252,0.1450960487127304
Zimbabwe,,16.598515002330117,723054.8980973741,4.197986054579314,23655.225981307274,286.8394775390625,1299.421630859375,0.4179609715938568,1.5628646612167358,423.8508911132813,1153.532958984375,0.5045903921127319,1.1773043870925903
North Macedonia,,73.5472959156009,208.39650994828463,17.11442870475862,10.795735219150291,188.29251098632807,145.91111755371094,0.2564688920974731,0.0790276601910591,229.0884246826172,351.7304992675781,0.2932659983634949,0.2403365671634674
United States,Missouri,116.81496362896792,2053.54402904027,5.371124297680176,16.693465178382976,767.1052856445312,1182.427001953125,0.141187235713005,0.114058718085289,681.0144653320312,1452.9710693359375,0.1232485696673393,0.1457977443933487
Wallis and Futuna,,23.9361688256591,24.910765708049603,7.030583877586828,5.503178705277758,350.0056457519531,370.2770080566406,0.4819390773773193,0.4499350786209106,879.945556640625,946.9855346679688,0.6930115818977356,0.6765799522399902
United States,Idaho,111.92074537613392,168.98380005463952,11.57976569487884,6.175323505844972,146.14703369140625,301.12176513671875,0.1220419630408287,0.1310874670743942,110.30842590332033,407.5669860839844,0.098720945417881,0.1866292208433151
United States,Arkansas,65.97199105034122,1256.7473728464572,7.840220136677865,22.095010226680653,129.11253356933594,854.2171630859375,0.104086048901081,0.1931122392416,132.04751586914062,856.5704345703125,0.1187958866357803,0.1938499063253402
United States,Rhode Island,55.22615150584605,19268.68797118416,3.5251685095050584,138.44147951531988,562.37890625,753.73779296875,0.1887562572956085,0.0571147724986076,785.72216796875,1070.19189453125,0.2301937192678451,0.0776167958974838
United States,Nebraska,99.3280724829593,1758.0055374956728,10.940411266017351,13.063450188646751,328.6224670410156,4805.078125,0.193949744105339,0.2809200584888458,318.92108154296875,1081.871826171875,0.1827963590621948,0.0886333659291267
United States,Vermont,17.826684793216955,90.69448591539025,3.839343131931277,9.418667559518186,59.74668502807617,52.49187469482422,0.1116715297102928,0.0581928081810474,142.19398498535156,26.015159606933597,0.1999396830797195,0.0280029457062482
United States,Tennessee,92.20890000991491,969.0097565903848,2.091893370092491,5.754762096953651,768.7951049804688,3959.380859375,0.1258304864168167,0.2943533957004547,695.7870483398438,3664.822998046875,0.1255442351102829,0.2658344507217407
United States,Alaska,7.465384621781238,57.59786141578413,3.0009910787372185,11.923074082458502,257.133544921875,184.10836791992188,0.4723015427589416,0.2957366108894348,570.6460571289062,527.7695922851562,0.6574094891548157,0.546122670173645
French Guiana,,14.214200321496008,1251.6477978997184,6.684202129948353,46.2874579094473,319.1736755371094,1609.503662109375,0.5546495318412781,2.3909752368927,512.3355712890625,1422.4693603515625,0.6592254042625427,1.6210706233978271
United States,North Dakota,46.984081423001776,430.31320178817145,10.578659702010432,16.21350600450528,134.2947540283203,411.794921875,0.2263295650482177,0.2013435065746307,174.16067504882812,477.83306884765625,0.261212557554245,0.2432277649641037
Uzbekistan,,579.8238985704471,2758.7503746356624,16.124476047819154,15.707612474548672,1654.2330322265625,1266.41845703125,0.2878220379352569,0.0774886757135391,2094.363037109375,2370.05859375,0.3265774548053741,0.1597724258899688
Bahamas,,0.2438607947956015,243.8738557040445,0.2330034802374367,49.634864867759575,445.687255859375,293.18316650390625,0.7842226028442383,0.4658212065696716,757.6798095703125,601.5581665039062,0.855405330657959,0.620000422000885
United States,Virginia,59.19200763454319,8036.421319972939,2.331712387613728,23.059670691144586,798.1336669921875,6982.2978515625,0.1103604808449745,0.2844327986240387,1320.6302490234375,4871.58935546875,0.163922443985939,0.1750769019126892
Greece,,152.86353240304854,3010.6769686736834,14.613738262221524,105.02000646226604,608.7620849609375,177.62139892578125,0.3077398538589477,0.0685250759124755,1192.746826171875,378.197021484375,0.4475777447223663,0.1204271465539932
United States,Louisiana,377.4392359952169,157501.31936410273,6.360128393035764,440.9212204869434,3272.113525390625,3154.01123046875,0.1763383597135543,0.089542731642723,2503.138671875,2286.77001953125,0.2072092145681381,0.0692492350935936
Madagascar,,18.680195452289954,260.98601881353727,10.292715390011036,20.187404727128808,363.7863464355469,407.93505859375,0.6274725198745728,0.6075213551521301,513.6622314453125,295.07666015625,0.6996592879295349,0.3576467037200928
United States,Alabama,67.65053683669319,1394.3310886584984,6.413970191220865,9.626279286242797,402.7608337402344,3161.70654296875,0.1035689115524292,0.3436178565025329,614.802978515625,2802.583740234375,0.1687123775482177,0.2904595732688904
United States,Wyoming,13.1788029031797,56.47258878004014,3.637529806797792,6.178686497623102,201.4179229736328,100.27420806884766,0.3230538666248321,0.1308600008487701,417.9032287597656,122.55158233642578,0.4857627749443054,0.1243296116590499
United States,New Mexico,47.39479719220471,1135.1300373337942,4.437407500659299,15.734924280635306,235.89317321777344,697.2787475585938,0.1401320397853851,0.1128052324056625,266.1634216308594,639.265380859375,0.1607046872377395,0.1014266833662986
United States,West Virginia,11.700714340435749,51.51384787574272,2.1506506694057115,2.753113437194146,86.45857238769531,348.80780029296875,0.1397015303373336,0.2420147061347961,97.522705078125,381.08111572265625,0.1604443788528442,0.2706095576286316
United States,Utah,54.26896166390728,458.7178645425265,4.763672092313179,5.666426685011314,287.57281494140625,1482.7515869140625,0.1178359910845756,0.2529684007167816,313.45465087890625,1159.082763671875,0.1404287964105606,0.1846849620342254
United States,Minnesota,55.017653226877975,3997.449228456288,5.869056926756454,21.42834980915936,184.0482635498047,5401.2705078125,0.1256114840507507,0.4861713945865631,253.63571166992188,3097.6875,0.1494668871164322,0.2176102846860885
United States,Montana,2.3250034549539658,26.336921667846926,0.745957009580571,5.184668014764369,262.4037475585937,245.83897399902344,0.4081590175628662,0.3349978923797607,708.9287719726562,732.7974853515625,0.6430001854896545,0.6002249717712402
Zambia,,44.907143752795726,479620.3198838607,9.141241186327283,26087.92042896809,112.17330169677734,196.8199615478516,0.1994045525789261,0.1399934887886047,108.89141082763672,350.3855285644531,0.192315474152565,0.2807445228099823
United States,Ohio,360.5110600331228,5104.592064319497,13.631015494528102,17.672958894267282,1478.365234375,2688.83642578125,0.1568470597267151,0.1009455546736717,1276.9935302734375,3011.32080078125,0.1421706229448318,0.1167352348566055
United States,Puerto Rico,45.5174215531224,863.579241624564,5.434286826367399,22.42076174360574,120.24675750732422,952.368896484375,0.1113220453262329,0.3777099549770355,104.31946563720705,902.8853759765624,0.1151610985398292,0.3500682711601257
United States,Iowa,88.79254692897423,2510.695876031049,7.576244843917294,14.939109167870926,364.4580993652344,6710.201171875,0.1348082870244979,0.2932682633399963,237.98660278320312,2615.36279296875,0.1162332594394683,0.1457479894161224
Spain,,7607.662346684161,7206.559942534288,158.5175328649612,3.3318287358934016,8080.4453125,21763.08984375,0.2948424816131592,0.1119569763541221,7306.27880859375,8630.9326171875,0.3025570809841156,0.0411543920636177
United States,Michigan,535.9500690850131,571.8693481267496,6.43058959561061,1.1677728275065276,4426.22998046875,3389.0341796875,0.1246361210942268,0.0698099434375763,2644.51953125,4980.94677734375,0.1159398481249809,0.1091394871473312
United States,Maine,11.765707505158394,226.36992458365185,2.2041332935023186,11.73243241527485,79.21401977539062,548.0493774414062,0.1455454677343368,0.4219145774841308,124.80085754394533,371.9679260253906,0.193966656923294,0.2496771216392517
Saudi Arabia,,534.3934345629655,14920.249434144062,23.35705282325211,29.516760507983943,565.7054443359375,5436.1357421875,0.1310931146144867,0.126675009727478,528.7106323242188,6355.732421875,0.1301183253526687,0.144874706864357
United States,South Dakota,58.63096569441048,24657.825318615483,4.5293563488196895,470.8325856517156,249.95465087890625,538.2581176757812,0.1631482690572738,0.1250746995210647,270.84442138671875,469.7674255371094,0.1817917078733444,0.1063718199729919
United States Virgin Islands,,25.974947293140016,424.5652738462189,8.825821253543701,37.19570655285229,224.2870635986328,371.4933166503906,0.3920712769031524,0.5190929770469666,346.4034423828125,251.21836853027344,0.4845659434795379,0.3007663190364837
Kenya,,21.82398958854128,844.9533061913447,6.836310278518025,38.01972983880657,264.1629333496094,1105.9237060546875,0.4223258793354034,1.3795166015625,395.6258850097656,1002.3699951171876,0.509885311126709,1.1130435466766355
United States,Massachusetts,486.41426281396247,13193.854373310462,18.145288328304204,16.144839654152793,2174.463134765625,6539.9462890625,0.2061986327171325,0.0910773649811744,3382.012939453125,4945.49365234375,0.2739889323711395,0.0668857023119926
Yemen,,30.36513583822983,126.94946235182444,7.357212769616487,8.078344004813099,141.71890258789062,228.1217498779297,0.264351487159729,0.1867663115262985,182.1540679931641,175.81629943847656,0.3024396896362304,0.1367641985416412
Nigeria,,52.06213254624003,1897.3275758220368,8.511133688284424,18.54363202668998,247.26388549804688,2167.45361328125,0.272292822599411,0.2096698135137558,207.70887756347656,2153.106201171875,0.2592639029026031,0.3172379732131958
